index,comments,time
388,泪目，祝大家以后的人生都和二舅一样积极乐观，相信up的后代也会延续二舅的精神[大哭][大哭][大哭],27天前发布
389,这个视频是我第一个投币的视频[热词系列_你币有了],27天前发布
390,up是二舅的外甥女婿？,27天前发布
391,很多人都会高估自己的能力！,27天前发布
392,二舅比我强多了[热词系列_三连],27天前发布
393,每个人都希望自己有二舅的那种人生态度，但没人希望自己有二舅的那种人生遭遇。,27天前发布
394,热爱生活的人，历经生活的磨难之后，仍然微笑面对着生活，像二舅这样，快乐的生活着，今日大泪目,27天前发布
395,看到三分多钟，眼泪就不知不觉掉了下来，但是嘴角在笑，心里是敬畏,27天前发布
396,点了个赞，想投个币，然后被告知余额不足，就剩下0.9个了……一种很奇怪的感觉萦绕心头。这种如此诡异的感觉让我异常熟悉却又找不到合适的词句……,27天前发布
397,致敬每一个伟大的普通人！,27天前发布
398,以最平静的语气，讲述一个充满遗憾的人生[奥比岛_委屈],27天前发布
399,"我确实非常喜欢二舅，但是语文老师却让我们写观后感
[笑哭]",27天前发布
400,为什么二舅的能力这么强，生活却对他如此不公[大哭],27天前发布
401,最喜欢视频的最后一段,27天前发布
402,看着看着就哭了[委屈],27天前发布
403,[物述有栖_晚上好][猫雷Nyaru_bigface][永雏塔菲_闪亮登场][冰糖IO 蜕变·闪耀_tskr],27天前发布
404,[热词系列_洛水天依]视频不错哦,27天前发布
405,我真没想到自己会看哭,27天前发布
406,我真的看哭了，二舅真的好伟大,27天前发布
407,好像“二舅”有很多，但又好像都不一样，只希望二舅以后身体健康每天开心快乐多一点。,27天前发布
408,二舅越是乐观积极向上，我就觉得越是悲伤，满满的溢出屏幕,27天前发布
409,我们语文老师在上课放了[给心心],27天前发布
410,每个家庭或多或少都有自己的故事 但是像up这么了解 还能剪辑写文案 发出来 就很难得了,27天前发布
411,人一生很短，但二舅却活出了自己生活的精彩敬二舅[抱拳],27天前发布
412,投币超上限了，敬二舅,27天前发布
413,"看完最大的感受是
人的一生怎么活都可以
重要的是对得起自己",27天前发布
414,我很佩服二舅，但我不希望以后还会出现更多这样的二舅，这不是什么好事,27天前发布
415,你二舅一直都是天才！,27天前发布
416,看着看着，笑着笑着，哇的一声哭出来…,27天前发布
417,二舅真的老一辈人朴素生活的缩影[大哭] 泪打转了xdm,27天前发布
418,今天的这个三连献给二舅,27天前发布
419,我怀疑他学了鲁班大师绝技了！[笑哭],27天前发布
420,就这就这三千万播放,27天前发布
421,只要你有一双善于发掘的眼睛，这样的“二舅”，在我们的生活中比比皆是。,27天前发布
422,我的二舅在我很小的时候就因病去世了，甚至连相貌都没有印象了（连遗像都没有），不过我知道表哥很像二舅，我小时候也像，长大后我就不像了，关于二舅的唯一记忆是去他家吃外面买来的菠萝,27天前发布
423,看完感觉 二舅 其实如果有选择 也并不想要现在的生活 只是无奈罢了 哎[委屈] 现实中还有很多没法选择的 二舅 生活不易 祝好 [爱心],27天前发布
424,听着有课文的感觉了[doge],27天前发布
425,希望大家都能过上二舅一样的生活[打call][打call],27天前发布
426,人生拥有的无限可能~~~,27天前发布
427,希望被二舅治愈的人也能过上二舅一样的生活[打call],27天前发布
428,希望喜欢二舅的未来都拥有二舅一样呢生活(°?°)?,27天前发布
429,"二舅视频是一面镜子，各位体会一下[呲牙]

身边的人几乎都会看一看（照一照），每个人看到的都是不一样的感觉，社会百态、人生百态在这二舅视频（镜子）显露出来[呲牙]",27天前发布
430,老师推荐来看的 又同情又佩服[大哭][大哭],27天前发布
431,这个up是之前猿辅导里那位姓唐的历史老师吗，我现在都大三了[大哭],27天前发布
432,其实我们在生活中 ，身边真有好多这样的“二舅”啊 ，我们要学习他们的生活准则,27天前发布
433,这很难不一键三连啊[大哭],27天前发布
434,一键三连[支持],27天前发布
435,想到我大姨了[大哭],27天前发布
436,二舅的人生 真的乐观积极 不抱怨 [打call],27天前发布
437,投币了，希望up能好好对待自己姥姥二舅,27天前发布
438,诗词天地来的，了不起的二舅！,27天前发布
439,真的太感动了，看到up原来还是高中老师，谢谢老师给我们教授给了我们人性的光亮，也希望二舅和姥姥未来一切都好。,27天前发布
440,希望你能帮助二舅改善生活，还有姥姥。谢谢,27天前发布
441,说的太好了[热词系列_妙啊],27天前发布
442,一句话，人不要怨天尤人，一切已经发生的事情都是它改发生的，对于未来我们只能努力努力再努力，做开心的事，因为人生真的很短,27天前发布
443,二舅真的好厉害 up的文案也写的很好 幽默风趣又形象得体 真的很加分 二舅的故事配上up满分的文案 所以才能诞生这样优秀的视频作品,27天前发布
444,二舅治好了我的精神内耗,27天前发布
445,3310万播放了,27天前发布
446,晚上听，觉得UP主读的有点想睡觉[笑哭],27天前发布
447,我也想有这种精神力[大哭],27天前发布
448,声明一下，点赞投币是给二舅的，UP主转送一下。,27天前发布
449,明明生活在条件那么好的一个时代  却不及二舅分毫   惭愧,27天前发布
450,二舅勤奋善良乐观，仍跑不掉一生坎坷，我精神内耗更严重了[大哭],27天前发布
451,敬二舅 敬平凡却强悍[爱心],27天前发布
452,个人感觉视频的标题改成我的二舅更好,27天前发布
453,今年最好的视频，二舅三观真的正,27天前发布
454,苦难就是苦难 并不酷 希望以后看到二舅好起来,27天前发布
455,下次有币了再回来投,27天前发布
456,up主文笔好好 还有二舅真的好棒 热爱生活 永不妥协[打call],27天前发布
457,二舅不是苦难的代名词，二舅是希望的化身,27天前发布
458,我本以为二舅的会是苦难的代名词，到最后我却看到了希望，致敬二舅。,27天前发布
459,您舅舅就是人中龙凤，我看哭了[大哭],27天前发布
460,二舅的故事太适合拍成电影了 无限力量！,27天前发布
461,啊这个文案写得太好了[大哭],27天前发布
462,苦难就是生活的话，那我选择离开……我不想成为“二舅”,27天前发布
463,可以把视频收益全给二舅吗 这真是太酷了[打call],27天前发布
464,看了之后回味了很久，不知道大家有没有看过另外一个up主的视频，是关于他父亲的最近离世，娓娓道来很感人，和视频里up主的声音也很像，我记得里面提到他父亲一直想让他找一个稳定的职业。但是这个视频我怎么找都找不到了，有没有看过的指一下路呗[tv_皱眉],27天前发布
465,我们村里也有一个树先生 也叫“刚刚” 小时候喜欢和他玩 都“欺负”他   现在他弟弟在抚养他  也许他真的一直开心吧,27天前发布
466,大伯也不错哈哈哈,27天前发布
467,up写日记吗,27天前发布
468,"从你出生的那一刻
端什么碗，吃什么饭，经历什么事
什么时候和谁结婚，都是定数
别太难为自己，顺其自然就好
人生的剧本，你早在天堂就看过了
你之所以选择这个剧本
是因为这一生中有你认为值得的地方",27天前发布
469,从视频开始到结束，我的眼泪就没停下来过,27天前发布
470,祝二舅和姥姥身体健康，万事如意！,27天前发布
471,无数的二婶望着二舅，那是她们梦寐以求的生活,27天前发布
472,哈哈这个我们英语老师刚给我们在班上放,27天前发布
473,太厉害啦二舅,27天前发布
474,从容应对苦难，二舅是我学习的榜样[支持],27天前发布
475,UP文案真的像一篇散文，让我有了读《呼兰河传》的感觉,27天前发布
476,这是b站投币数量最多的视频了[脱单doge][打call][打call][拥抱],27天前发布
477,@似程似梦 几十万播放就看完了，现在居然3000多万播放,27天前发布
478,哭得停不下来,27天前发布
479,B站第一个看完迫不及待要点赞和投币的视频。投币的时候反复确认是不是投了两个！,27天前发布
480,拍的太好了，写的太好了，向二舅致敬,27天前发布
481,我知道视频里的二舅自尊自立自强，靠自己活出了平凡却伟大的一生。但我还是忍不住投币并达到了投币上限。因为希望up主能把流量变现支持姥姥和二舅养老。,27天前发布
482,在既定的边界里当superman超酷的好吧[脱单doge],27天前发布
483,我现在好奇up主没发布二舅之前多少粉丝，因为我是之前就关注的老粉[笑哭],27天前发布
484,天才，注定是天才，生不逢时啊,27天前发布
485,希望up能够缓过这段时间，然后继续更新其他有意思的视频[小电视_太太喜欢][小电视_太太喜欢][小电视_太太喜欢],27天前发布
486,我们的父辈何尝不是二舅呢！！！,27天前发布
487,3天3000万播放[支持],27天前发布
488,我每次住院都能听到这样类似的传奇故事,27天前发布
489,前几天看过这个视频，今天又刷到博主介绍，注意到视频里面讲述到二舅的一个细节，就是二舅自学了算命。今年从三月开始，由于疫情封闭了三个月，我也开始学算命，之前我就很相信命中注定，但是我是真的很想给自己算一卦，因为有的时候面对一些事情确实不知道怎么抉择了。我在想，二舅又是为什么想学算命呢,27天前发布
490,敬二舅！ 原本以为二舅是个新梗 没想到看完视频后眼眶都有点湿了  希望二舅和姥姥往后的生活能顺遂快乐！[奥比岛_点赞][奥比岛_点赞],27天前发布
491,致敬二舅（可以出在教材上了[脱单doge],27天前发布
492,感谢up主，感谢二舅，致敬,27天前发布
493,二舅的故事很好，up的叙述很棒，升华苦难的人很坏,27天前发布
494,真是让人笑着看，笑着哭。哭着看，哭着笑。,27天前发布
495,我的天啊好久没回来老师已经一百多万了,27天前发布
496,好家伙，三天涨粉150万,27天前发布
497,每次点进来都四万人+在看，二舅真的很酷很有魅力！,27天前发布
498,我的宝藏up终于被发现了,27天前发布
499,敬二舅[tv_大哭] 感情都在里面了,27天前发布
500,致敬二舅,27天前发布
501,下个学期中学生有新阅读理解做了[脱单doge],27天前发布
502,敬二舅,27天前发布
503,向二舅致敬！由衷佩服二舅的意志力，虽生不逢时，但仍努力实现自己的价值，让人佩服，太励志了！,27天前发布
504,哇,27天前发布
505,他公平,27天前发布
506,世界上只有一种英雄主义，就是看清生活的真相之后依然热爱生活,27天前发布
507,哎,27天前发布
508,呜呜呜,27天前发布
509,视频是昨天看的，本来一切都很正常，可那个“公平”二字我却迟迟忘不掉，公平啊！我突然想到我爷爷九十多岁，每一次见到他都给我讲他人生的大起大落，一讲就是半天，一次又一次，我也好像每一次都是第一遍听，具体内容在这就不方便说了，我这么多年都只是当个故事听，但我看完视频突然醒悟到，他是在用他的人生给我阐述这两字“公平”，它在哪，又不在哪。,27天前发布
510,好看,27天前发布
511,还有3.9w在看就离谱,27天前发布
512,这个男人太TM酷了,27天前发布
513,二舅什么都能解决,27天前发布
514,为什火了,27天前发布
515,下定决心。排查万难。通向成功,27天前发布
516,我想知道这是不是全站最高播放点赞投币，如果不是 我再等几年问,27天前发布
517,从头到尾 不知道什么是所谓的精神内耗！！！   只知道二舅感人的事迹,27天前发布
518,[给心心][给心心],27天前发布
519,这个片子放给学生们看一定很有意义！,27天前发布
520,伟大出自平凡,27天前发布
521,币比赞多，属实nb,27天前发布
522,直击心底的文案，确实也治好了我的精神内耗,27天前发布
523,感觉自己看了高考满分作文,27天前发布
524,很多事情需要逻辑，但是现实的确不用。一些事情超越想象，少一点质疑，多一点从容与开阔,27天前发布
525,[点赞],27天前发布
526,@人的二等分,27天前发布
527,想外公了,27天前发布
528,“老病是生死之间的必要演习”,27天前发布
529,光荣在于艰巨，艰巨在于漫长,27天前发布
530,全国都得看，不能只在b站。各位加油,27天前发布
531,没有多的话语，敬二舅。,27天前发布
532,这个视频要拍多少镜头，太厉害了??,27天前发布
533,"慕名而来，留下足迹
故事讲得真的很好，初看是肃然起敬，却没有看出治愈，感觉像是看出了被现实这条锁链栓住的一个个普通人的缩影。我只是一个没出过社会的学生，看了这个视频不知为何，心里有一种酸楚，对未来更加悲观与迷茫了。“今天，二舅还在走着自己的人生路”，希望屏幕面前的你我都能过好自己的生活吧[OK]",27天前发布
534,谢谢你给予我力量，陌生人,27天前发布
535,“二舅”和我父亲很像，他也是个手艺好的木匠。初中时痴迷于木工活，家里穷，虽然成绩非常好，但放弃了学业，靠做木工养育了四个子女，子女成才，他还没来及享一天福，缺因脑溢血走完了五十多岁的人生。贫苦而平凡，坚韧而伟大，是很多父辈的人生写照。,27天前发布
536,但愿我也能幡然奋发,27天前发布
537,厉害了 精神食粮,27天前发布
538,庆幸你有这样励志的二舅，庆幸你二舅的故事被大家看到,27天前发布
539,好,27天前发布
540,平凡而伟大，愿一切安好。,27天前发布
541,他公平,27天前发布
542,看完了赶紧去干活，努力就是这个下场，都给我适应就行,27天前发布
543,比很多人都好了，至少婚姻美满，现在很多人都结不起婚，没有房没有车,27天前发布
544,敬二舅,27天前发布
545,《人生海海》的感觉，太震撼了！,27天前发布
546,只是希望各位在欣赏二舅的同时，别把自己遭受苦难当做合理的存在，我们要做的不仅仅是承受苦难，而是找出并除掉苦难的源头。社会主义本不应该有如此多的苦难。,27天前发布
547,只有我是哭着看完的么[委屈],27天前发布
548,感觉这都可以上语文课本了[doge],27天前发布
549,现实中我有个小学女同学和二舅有类似的开头，结局却天差地别。,27天前发布
550,人是为了活着本身而活着的,27天前发布
551,厉害了 精神食粮,27天前发布
552,感谢有你，让我多了一份800字的读后感作文,27天前发布
553,此生不悔入种花,27天前发布
554,敬二舅,27天前发布
555,可以出书了,27天前发布
556,我的二舅是挤占了几个妹妹的受教育机会而现在生活优渥的人，他没有这个二舅那么正面，反而看不起现在的几个妹妹。,27天前发布
557,@折戟_-_沉沙 来看看这个视频,27天前发布
558,无为而无不为,27天前发布
559,@bili_45287148167 我不知道为什么一边看一边哭,27天前发布
560,敬二舅,27天前发布
561,借走，发条朋友圈,27天前发布
562,这文案满分作文了,27天前发布
563,3000w+的播放，400+w的赞，500+万的币。这是一个没有大制作，没有热点，没有流量的个人视频，拿到这个数据，足以证明有多少观众在这里共鸣,27天前发布
564,有纪录片味道的纪录片,27天前发布
565,支持一波@衣戈猜想,27天前发布
566,"很多二创强行解释就很离谱，哪里缓解“精神内耗”了。
关芳的二创解读的就离谱，与视频内容强行联系",27天前发布
567,哈哈哈，我的评论好多啊,27天前发布
568,这期文案真的绝了，看完了真的回味无穷，让人思考很久，让人热泪盈眶的同时也会欣然一笑,27天前发布
569,这套家具跟我小时候家里几乎一摸一样，难道是出自你二舅之手？,27天前发布
570,[打call][打call][打call],27天前发布
571,有家庭，还介于朋友和伴侣之间的，这有什么棒的,27天前发布
572,我敬佩二舅，但是我还是想要二伯,27天前发布
573,我没有觉得这个视频有什么问题，我只觉得up只是简单的叙述了二舅的生活，过去的现在的。像二舅这样平凡的人，我在老家农村经常能看到，尽管我不认识他们，不知道他们的人生，但农村老一辈的人中，很多日子过得都很辛苦，很容易就能拉来一个讲述出如二舅一般的经历。up在二舅身上看到了坚韧，对待生活的积极态度，更多的是陈述，若有歌颂，那歌颂的也是二舅顽强的精神，为什么会有人觉得是在歌颂苦难呢。如果这个视频不恰当，那么从小读的钢铁是怎样练成的，不也是在苦难中展现人的不屈意志吗。当然，生活中出现的每一个二舅，都应该被社会所关心，我们也该思考如何能减少“二舅”。,27天前发布
574,谁能告诉我，第一快乐的人树先生是谁？,27天前发布
575,可以写进教科书的视频,27天前发布
576,我大舅就是一个天才，他把上学的机会留给了二舅，二舅在杭州工作定居，他在贵州的山村里做木匠，十里八乡闻名，技术无人能敌的木匠。。。,27天前发布
577,@小余园子,27天前发布
578,看完后我的精神更加焦虑了,27天前发布
579,一看尊敬与感动，二看痛苦与折磨，三看无奈与忍受,27天前发布
580,不畏苦暗,27天前发布
581,《骆驼祥子之平行世界》：祥子最后释然了，找到了属于自己的生活方式，继续积极向上的给人拉车。解决了我的精神内耗,27天前发布
582,面对命运的不公，二舅总有办法，因为他总不止步，头永远向上，遗憾和挫成为了他的土壤，不怕艰苦，排除万难，铭刻在他的心底。,27天前发布
583,“精神内耗”这个词要开始流行起来了,27天前发布
584,作者自始至终都是歌颂的面临苦难的精神，那里歌颂苦难了？没有说  苦难是必须的  等字眼吧？只不过是这种符合正常三观的视频突然火了，某些人嫉妒，便发了个别帖子对此口诛笔伐，而个别连努力都没做过的人，看到自己不成功，便让这个视频成为排气孔。二舅是伟大的，精神是值得歌颂的，但是苦难是罪恶的，它埋葬了一个普通人的道路，埋葬不了一个人的梦想,27天前发布
585,好家伙,27天前发布
586,我爷爷也是这样的！人生,27天前发布
587,优秀的人儿[支持][支持][支持],27天前发布
588,强烈入选入站必刷啊,27天前发布
589,人最大的遗憾就是一直在遗憾过去的遗憾[抱拳],27天前发布
590,@一位仙男,27天前发布
591,我靠，二舅好厉害啊！！！,27天前发布
592,太姥姥就是打青霉素过敏去世的，那个年代也没有皮试，现在的医疗水平真的进步了好多[水稻],27天前发布
593,這就治愈了？,27天前发布
594,神农生早了，没尝到，可惜可惜[无语],27天前发布
595,原来当阿Q就没精神内耗了啊，哈哈,27天前发布
596,人人都在受苦无例外,27天前发布
597,能把币还给我吗？,27天前发布
598,《骆驼祥子之平行世界》：祥子最后释然了，找到了属于自己的生活方式，继续积极向上的给人拉车。解决了我的精神内耗,27天前发布
599,嗨,27天前发布
600,庄静自强！！！！？？？？,27天前发布
601,消费苦难是吧,27天前发布
602,特别好奇，老师当年来劝二舅，二舅为啥就不去呢？如果去了，会不会是另一段人生……,27天前发布
603,这文案事新华日报写的罢（悲,27天前发布
604,万物互联[doge],27天前发布
605,我已经忘了这是第几次看这段视频，每次感触不同，故人故事，故地故乡，一幕幕都在脑中闪现，浊酒一杯，敬二舅。,27天前发布
606,岁月磨志，未暮年！不进棺。一直也是我的念,27天前发布
607,敬二舅，敬苦难，敬沉默[再见],27天前发布
608,光头嫡系是吧,27天前发布
609,到达世界最高城,27天前发布
610,光头：我走之后，你们就是我[妙啊],27天前发布
611,额,27天前发布
612,感觉语速慢一点效果会更好，略微有些急促,27天前发布
613,看完后脑海中第一个蹦出来的词就是nb！我不知道该说什么，把55集的电视剧浓缩成了11分钟，这11分钟艺术价值很高，不敢评价，默默三连。,27天前发布
614,哈哈哈，没想到上热搜了。还是复合主旋律阿哈哈,27天前发布
615,作者太棒了！,27天前发布
616,文案写的真好，看的我想哭,27天前发布
617,@央视新闻,27天前发布
618,一大波复读机懂哥即将来袭,27天前发布
619,他公平,27天前发布
620,治好你精神内耗的不是二舅，是你知道了这么优秀的人过的还不如你的时候你产生的优越感,27天前发布
621,这币是给二舅的,27天前发布
622,这段视频让我行想起我初一的一项历史作业，是采访父辈写一篇历史小论文，在二舅身上，我看到了一幅平凡人的史诗。,27天前发布
623,别闹了，这是悲剧,27天前发布
624,敬二舅[给心心],27天前发布
625,佩服二舅，但不想当二舅,27天前发布
626,进京三天，祥子治好了我的精神内耗[给心心],27天前发布
627,噎住说不出话来，家中就有一个这样的“二舅”，敬一根吧，敬二舅。,27天前发布
628,让我想起我的二舅，二舅的信息大部分从母亲口中得知，母亲常念叨，如果你二舅还在，我们一个家庭的生活不会像现在这样。我是农村家庭，母亲的工作是二舅带她培训然后谋得，二舅会的东西很多，很会观察事态，只不过不是像视频里的二舅一样偏向木工手工，但是一个家人口中、在村里很“风光”的二舅。当我第一次奇怪家里为什么只有小舅三舅大舅，然后问母亲时，母亲的回答只有“在xx年出车祸没在了”。这个世界的不幸与苦难远远比想象的要深重。,27天前发布
629,3天播放3000万，恐怖的播放量，这样下去一个月不得三亿播放量？？[哦呼],27天前发布
630,"回唐山三天，啤酒瓶治好了我的精神内耗
回南昌三天，大伯三伯治好了我的精神内耗",27天前发布
631,鲁迅:回鲁镇的一周时间，闰土治好了我的精神内耗,27天前发布
632,[热],27天前发布
633,只可惜手上只有一根烟，但幸好手上还有一根烟，敬二舅,27天前发布
634,写的真好,27天前发布
635,加油,27天前发布
636,我们作为新时代的青年，更应该努力让这样的“二舅”不再艰苦地活着。不要仅仅在这自我感动，满足自己的精神消费需求。,27天前发布
637,回????3天，白衣治好了我的精神内耗,27天前发布
638,“庄劲自强”的精神实在是太令我感动了捏,27天前发布
639,敬二舅,27天前发布
640,回唐山三天，啤酒瓶治好了我的精神内耗[给心心],27天前发布
641,回村三天，闰土治好了我的精神内耗[给心心],27天前发布
642,生命总会找到自己的出路,27天前发布
643,二舅真的是太棒了??希望为二舅致敬的人都能成为二舅??,27天前发布
644,"二舅的心态真好
我们每一个人，都应该向他那样生活着！

这样，就出不了任何乱子了",27天前发布
645,二舅也说了，他真的落魄可怜吗？他说没有。,27天前发布
646,二舅真的是太棒了！希望为二舅致敬的人都能成为二舅！！！,27天前发布
647,如果up写成一篇文章那肯定会成初中生考试的阅读理解。,27天前发布
648,我在找课代表[拥抱],27天前发布
649,宁宁是谁？,27天前发布
650,人生的纪录片,27天前发布
651,太好了！太好了！,27天前发布
652,呜呜呜呜别啊,27天前发布
653,在害怕什么,27天前发布
654,二舅还有四个兄妹，姥姥确不想活了……,27天前发布
655,如果勤劳能够[豹富],27天前发布
656,说得道理,27天前发布
657,笑了，一堆流媒体都在转[喜极而泣],27天前发布
658,为什么治好了精神内耗，是因为看到还有这么惨的人是吗,27天前发布
659,唉，“这辈子只能顾得住自己，顾不住别人了”，深有同感啊，不过我比“二舅”好点，四肢健全，上过大学，还能兼顾得上父母，父母紧巴巴地讨了大半辈子生活，勉强维持着家庭，到如今母亲已经一身病，干不动了，父亲还在坚持干活，他们总说不靠我养老，但我知道我必须得是他们的保障。看着别人成家立业，养儿生女，我一度十分羡慕过，一度在深夜里歇斯底里，疯狂的悔恨曾经走过的路和犯过的错，如今而立有余，倒是淡然了许多，我很庆幸我还能顾得了他们，让他们能亦步亦趋地跟在我后面，看着我慢慢前行的身影，纵然身边是变换如梭的冷暖四季，是日新月异的白川青峦，我始终是唯一能给他们遮风挡雨的人。我庆幸我还能顾得了他们，我的人生由此是有意义的。至于娶妻生子 ，安享人伦的事，我认为对一部分人来说，真的是奢望，包括我自己。孤独并不可怕，怕的是沉沦的孤独。困苦并不可怕，怕的是内心深处的枷锁。从今往后，笑看世事变幻，笑看无常人生，笑着回首与父母永别，笑着饮下道路尽头的朝露，这或许是一种很有意义的人生挑战。我很庆幸我还能顾得了自己，我很庆幸我还能顾得了父母。,27天前发布
660,二舅真的是太棒了！希望为二舅致敬的人都能成为二舅！！！,27天前发布
661,在日益碎片化的时代，在日益碎片化的b站，还能看到这种超凡脱俗的佳作。,27天前发布
662,@Ishtar温温,27天前发布
663,6.2万评论一点不加,27天前发布
664,"这视频其实反应了很多问题，但是up避而不谈。
谈了，号没了，还怎么恰饭",27天前发布
665,二舅很棒，up主写的很好,27天前发布
666,为什么要歌颂苦难，难到就应该受到苦难之后沉默吗,27天前发布
667,二韭,27天前发布
668,阿Q,27天前发布
669,up故事中的二舅像一个圣人，我非常敬佩他，因为很少有人能像他那样，那种毅力，那种天赋，那种心性。以后我和我的的孩子遇到这种困难，我肯要像他学习，但是我更会让那个医生受到惩罚，也会让别人知道我们受到的不公，因为不会是我一个人受这种苦难，我也没有二舅的那些作为天才的优点，有因就有果不是吗？假如二舅是那个医生，我相信他也会用一辈子去赎罪，去拯救那个被他误伤一辈子的少年。,27天前发布
670,一个爆款视频又砸落人间,27天前发布
671,干,27天前发布
672,敬二舅,27天前发布
673,想哭,27天前发布
674,活着,27天前发布
675,他公平,27天前发布
676,世间皆苦,27天前发布
677,一帮中二青年，企图在二舅的人生轨迹里找到一点安慰，其实：一个普通人的生活态度，或者说人生方向，按照你父母脚步走，在你父辈的赛道里跑，大概率是不会出现太大的偏差。。,27天前发布
678,你二舅早该退休的年纪，你把视频收益转给他安心养老可好？,27天前发布
679,你从这这个视频品尝出了人铭的苦难与无奈，而某些人从这个视频里品尝出了骑在他人头上是如此美妙的事??,27天前发布
680,歌颂苦难的目的只有一个，就是让更多的人接受苦难。,27天前发布
681,这样人的一生是有意义的，是充实的。他并没有上很多学，但他却是个天才，他仍然把日子过的很有意义，人活着真正的意义并不是物质得愉悦，而是精神的充实。这样的人在将死之时回忆一生，他是无愧于任何人的，他是没有悔恨的，是别人所尊敬的。,27天前发布
682,苦难没有任何意义,27天前发布
683,[大哭][大哭]不知道为什么，明明很平淡的叙述，看着看着就哭了。但是二舅那么坚强乐观，我那一点点泛滥的同情心二舅根本不需要，二舅的生活就是他努力过到的最好的生活，我在替他遗憾的同时也替他开心。也许中国的“二舅”还很多，把苦难酿成酒，把生活过成诗。致敬二舅。,27天前发布
684,鲁迅回村三天，闰土治好了他的精神内耗[打call][打call],27天前发布
685,治好倒是不能这么简单……,27天前发布
686,呵呵。,27天前发布
687,你舅舅怎么赚的钱，生活应该很节俭吧！我问真的,27天前发布
688,二舅身上有华夏民族的优秀本质,27天前发布
689,现实里，每个人都是二舅，又都不是二舅，就算生活不如意，好好地活着是对自己最大的负责。,27天前发布
690,二舅活得精彩,27天前发布
691,正道的光，照在了大d上  [给心心],27天前发布
692,"首先就是我没疯，就是我不如二舅聪明。up主通过塑造二舅去写了一个适合这个时代的《二舅的故事》
“苦难是时代的，不是人的。”我们又何谈谅解呢，我们不是二舅，方式适应着时代，我们要适应什么呢？",27天前发布
693,中国人口吧到此一游,27天前发布
694,不如@峰哥亡命天涯 一根毛，起码ziben峰让受访者在镜头前说话,27天前发布
695,看完这个视频，我朋友精神内耗更严重了,27天前发布
696,他公平,27天前发布
697,一帮小孩怕是没听过“家庭成份”这个词，人都被分为三六九等，公平得起来吗？,27天前发布
698,朴实无华的文案中，流露出三分冷幽默，两分对命运不公的感慨，与五分对数以亿计的普通劳动人民深深的敬意。这个视频以二舅艰苦却不断坚持前进的的人生为主题，真实写照了几十年来乡土百姓用平凡的劳动为生活发展，为国家富强做出的点点滴滴的贡献。如果你曾留意过你的长辈们过去的奋斗故事，就会发现他们的人生绝不会比二舅的平淡。正是因为有无数的普通人用他们的双手与智慧默默劳作，才有如今的美好生活。这种中华民族自古以来所推崇的美好品质，在今天更不应该被遗忘，而应被新一代年轻人继续发扬光大。,27天前发布
699,@弹射老起步灬,27天前发布
700,既然是二舅，那么肯定有大舅和小舅，最后养老却落到了二舅头上，这是多么酷的一件事,27天前发布
701,鸡汤什么时候都有人喝，有毒的也一样,27天前发布
702,必须再看一遍，加个赞,27天前发布
703,@欧的欧的男妈妈,27天前发布
704,二舅可敬，文案NB,27天前发布
705,从遍地纸醉金迷里发现了平凡人的污垢和意义。,27天前发布
706,看哭了，我的父亲就是这样……,27天前发布
707,五位人生冷暖自知啊，但愿都能像二舅一样找到自己的平和与快乐,27天前发布
708,时代造就了二舅,27天前发布
709,"天下皆知美之为美,斯恶已,皆知善之为善,斯不善已",27天前发布
710,真实的吗？真实的我只能说平凡的伟大,27天前发布
711,藏的太深了,27天前发布
712,二舅为你治好了精神内耗，你的回报难道仅仅是替他歌颂自己的苦难吗[大笑],27天前发布
713,"老舍进京三天，祥子治好了他的精神内耗
鲁迅回家三天，闰土治好了他的精神内耗",27天前发布
714,二舅固然充满对生活的坚韧，二舅的善良，勤劳，坚强是中国底层人民的写照，可二舅和中国底层人民一样缺少了敢于发声的勇气，只敢默默的承受。,27天前发布
715,敬畏,27天前发布
716,二舅这么努力一定过上好的生活了吧[给心心],27天前发布
717,为人，我敬佩二舅。但如果可以，我希望社会越来越好，遭受这样的苦难的人越来越少。,27天前发布
718,牛哇，一个视频涨了一百多万粉,27天前发布
719,就我而言，我觉得，最重要的是，二舅是村里第二快乐的人，二舅是快乐着的，而且二舅也仍走在路上。,27天前发布
720,看完这个视频像是读了一本好书,27天前发布
721,应该问问如何改善劳动者的境遇和状况，而不是告诉大家不要埋怨生活,27天前发布
722,中国人民,27天前发布
723,希望大家都能成为二舅一样的人[给心心],27天前发布
724,好删[给心心],27天前发布
725,只有冲撞命运的人才是天才,27天前发布
726,我总以为以德报怨何以报德坏人还是应该受到惩罚,27天前发布
727,救命！已经在英语听力里面发现二舅了[打call],27天前发布
728,老舍进京三天，祥子治好了他的精神内耗,27天前发布
729,@蟑不二吧,27天前发布
730,了不起的二舅,27天前发布
731,中国有千千万万的二舅,27天前发布
732,你帮帮你二舅吧,27天前发布
733,仙人被贬下凡？,27天前发布
734,跪求BGM啊！！急在线！！,27天前发布
735,别这么大惊小怪，农村里勤快的人都是这样，一天到晚都在忙，需要做需要打理的事太多了。闲的人天天串门、打牌、聊他人的是是非非。当然&#34;二舅&#34;的精神与为人是值得称赞的,27天前发布
736,反复上热搜？b站在干嘛啊,27天前发布
737,不屈与抗争，苦难绽放出的光芒，敬二舅！,27天前发布
738,平凡而伟大,27天前发布
739,不是余华写得好，是福贵们活得好,27天前发布
740,真正的英雄主义是看透了生活的本质，也仍然热爱生活,27天前发布
741,没啥共鸣呀，我怕是废了,27天前发布
742,言语表达已配不上对二舅的敬佩之情，生活看似平凡，却又活的出奇活的精彩！我们的生活既是如此,27天前发布
743,"两种排序画风截然不同。我愿称之为觉醒年代。
二舅不是不想说，而是不能说",27天前发布
744,热评不对劲啊,27天前发布
745,他公平[委屈],27天前发布
746,歌颂苦难即是最歹毒的赞美,27天前发布
747,回乡下三天闰土治好了我的精神内耗,27天前发布
748,“感谢贫穷”？,27天前发布
749,我们如何定义普通人？[思考],27天前发布
750,鲁迅:回乡下三天，闰土治好了我的精神内耗,27天前发布
751,比待遇越比心胸越窄，讲奉献越讲境界越高,27天前发布
752,https://www.zhihu.com/answer/2597477917,27天前发布
753,让我想起了河南、老甘以及老金，《最后的棒槌》纪录片,27天前发布
754,真的佩服[星星眼],27天前发布
755,http s://b 23.t v/ lP7 VxnO,27天前发布
756,“因为他公平”,27天前发布
757,喝了这碗鸡血干翻这个世界！[给心心],27天前发布
758,想起了难受的事情,27天前发布
759,敬二舅 一个海外游子在老家探亲期间看到这个 无比治愈。,27天前发布
760,"至少我看完后有感受到一些正向的东西
至于是什么造就了苦难本身，，，感觉面对这个问题，是需要批判，但批判了又如何？个人还是太渺小了…
但愿不要走向一味埋怨苦难自暴自弃啊
至少二舅的自强不息是值得学习的
多少人的内耗来自于觉得命运弄人，“我本该……”，然后愤世嫉俗，就此沉沦下去？",27天前发布
761,看完感觉和别人不一样,27天前发布
762,敬二舅！,27天前发布
763,父母确实是孩子最好的老师，尊老从父母做起,27天前发布
764,酷死吧你。,27天前发布
765,二舅威武，平淡真实勇敢,27天前发布
766,看看二舅，再看看up[给心心][给心心][给心心],27天前发布
767,好家伙，历史老师[呲牙],27天前发布
768,他公平[微笑],27天前发布
769,黑色幽默，有点幽默有点黑色，这样也许也好,27天前发布
770,负能量,27天前发布
771,异 端 邪 说,27天前发布
772,@-立花花,27天前发布
773,敬二舅[给心心][给心心],27天前发布
774,二舅接受是因为他只能接受,27天前发布
775,南无阿弥陀佛。,27天前发布
776,"我请同志们提高警惕！
不要受这种隐藏很深的渗透的骗！",27天前发布
777,没看明白！没听明白！一件很平常的事件搞得沸沸扬扬,27天前发布
778,我爷爷也是这样，不平凡的能力，平凡的人生,27天前发布
779,牛人,27天前发布
780,谁还记得唐哥原来是个历史网课老师。。,27天前发布
781,如果你读一下庄子，你会觉得自己三观不正,27天前发布
782,想到我爸，一个很伟大的男人[委屈],27天前发布
783,好毒的一碗鸡汤！,27天前发布
784,真相是残忍的，听听二舅怎么说比我们旁观者看他外甥的旁白和感动更重要,27天前发布
785,这视屏本就是阅读理解，每个人都有自己的看法,27天前发布
786,三连，必须三连,27天前发布
787,蓬勃的生命力[支持],27天前发布
788,@小绿同学quq,27天前发布
789,什么现代祥林嫂,27天前发布
790,不要觉得自己很了不起，只是有人没有你更好的机会,27天前发布
791,鲁迅：回村三天，闰土治好了我的精神内耗,27天前发布
792,治好了你的精神内耗：https://b23.tv/BV1UW4y1y7tX,27天前发布
793,他知晓自己并非主角，于是卖力演泽平凡,27天前发布
794,"蹲不下，翘不了二郎腿，二舅大概率可能存在严重的臀肌挛缩症，可以治疗，关节镜手术可以明显缓解症状[爱心]。
欢迎二舅来找我，免费给二舅治疗[给心心]",27天前发布
795,光头佬看了二舅后，不由得感叹：“这种勃勃生机，万物竞发的境界......”,27天前发布
796,“人都是往前看，若是沉浸在过去，就会忘了欣赏明天的朝阳有多好。”,27天前发布
797,[原神_欸嘿],27天前发布
798,二舅这样的天才都能被埋没不抱怨，我们这些普通人还是洗洗睡吧！,27天前发布
799,写得很好，下次别写了,27天前发布
800,初看感动，再看鄙夷且厌恶。我想看到的是一个不用这么苦苦挣扎的二舅。,27天前发布
801,目的为手段赋予正义，但总得有什么为目的赋予正义。,27天前发布
802,??,27天前发布
803,二舅治不好精神内耗，从视频里只感受到了二舅自强自立的一生。,27天前发布
804,伟大来自平凡，致敬每一个平凡又伟大的人！,27天前发布
805,那些认为当事人励志而感动的稀里哗啦的人啊，我衷心的祝愿你们也像当事人一样励志。不客气。,27天前发布
806,这不就是《做一棵永远成长的苹果树》视频版吗？[思考],27天前发布
807,宁愿没有这些精彩和不被歌颂，也不要苦难,27天前发布
808,生死之间有大恐怖，老病是延缓恐怖的催化剂,27天前发布
809,看哭了,27天前发布
810,二舅一生坎坷却乐观向上，二舅勤勤恳恳却被苦难缠绕一生。是谁导致了二舅苦难的一生？,27天前发布
811,是二舅引起了我们的情感共鸣,27天前发布
812,视频做的很棒，这几天总是很焦虑但还是耐下心看完了视频，虽然还没想到未来的方向但还是使浮躁的心慢慢平静了下来，谢谢您的视频,27天前发布
813,接受平凡,27天前发布
814,二舅怎么一句话不说啊[思考],27天前发布
815,二舅这么努力为啥还这么苦呢？,27天前发布
816,这美好吗,27天前发布
817,可惜二舅不是国姓[doge],27天前发布
818,不错，精彩,27天前发布
819,入站必刷安排！,27天前发布
820,所以说，不结婚的生活是多么充实啊,27天前发布
821,我千言万语。。。说出口却只有一句敬二舅[OK]，祝6688健康长寿[OK],27天前发布
822,请不要歌颂苦难，谢谢,27天前发布
823,如果出生在窑洞，那就是另一个故事了??,27天前发布
824,你们怎么看哭的,27天前发布
825,评论总是有褒有贬，只是对某些拿着这个视频蹭流量的人表示无语,27天前发布
826,"转自知乎：
他们自己成了大伯，衣食无忧。
却想让我们当光头，接受现实。",27天前发布
827,哎,27天前发布
828,“你需要阳光  但也要看看阳光照不到的地方”,27天前发布
829,近些年间见过最美的散文。,27天前发布
830,重温,27天前发布
831,这弹幕太刻奇了,27天前发布
832,无感。,27天前发布
833,所以说生命啊，它苦涩如歌，二舅是一个把苦涩唱成歌的人，经历了苦难之后他并没有一蹶不振，而是做起了木工，坚强乐观地活着，这也让我想起活着里的福贵，他那么苦，也还一直活着。我觉得二舅的过去所告诉我们的是，即使经历苦难，也要努力活着。至于歌颂苦难，我是真没看出来。,27天前发布
834,"转自知乎：
他们自己成了大伯，衣食无忧。
却想让我们当二舅，接受现实。",27天前发布
835,第一次 一健三联[doge],27天前发布
836,不由得感叹：“这种勃勃生机，万物竞发的境界......”,27天前发布
837,热爱生活，普通人的一生,27天前发布
838,[委屈],27天前发布
839,鸡汤嗯造??,27天前发布
840,无意义的活着还算活着吗？,27天前发布
841,苦难娱乐化、审美化、崇高化...,27天前发布
842,播放量涨的好快！！[打call][打call][打call]加油！超过《后浪》！！！,27天前发布
843,正常人真的希望自己老的时候生些病好让自己无奈地接受死亡吗？,27天前发布
844,@尘出无常,27天前发布
845,这个币是敬二舅的,27天前发布
846,厉害了,27天前发布
847,看哭??了,27天前发布
848,。。。,27天前发布
849,@秋叶の诗,27天前发布
850,这个视频对我产生了很大帮助，谢谢up主！谢谢二舅们！,27天前发布
851,真的很喜欢这种真实，让我明白生命与生活的意义，这个暑假，我其实一直想发一些文字视频，去诉说我的生活、我身边的一些事情，看完这个视频，我真的很喜欢，也有一种动力去这种视频，大概能做出来吧[脱单doge]真的真的很喜欢，特别是生活在底层的劳动人民，真的有很多的感触。赞美二舅[给心心],27天前发布
852,不平凡的人 到哪里都不平凡,27天前发布
853,二舅您好！,27天前发布
854,是这帮我们新一代忆苦思甜的毒鸡汤吗？,27天前发布
855,说得好,27天前发布
856,"看到二舅，我并没有治好内耗，只是觉得二舅好苦，我更知道世界还有千千万万个“二舅”一样苦
唉",27天前发布
857,@阿们没有葡萄树,27天前发布
858,鲁迅当年就没这种觉悟   看到 多年不见的闰土  应该感叹 感谢闰土治愈了我的精神内耗  我这就继续完成我的医学梦想,27天前发布
859,二舅也见证了中国辉煌的过程,27天前发布
860,三舅就是他爸,27天前发布
861,歌颂的同时也请反思是什么导致了二舅的悲剧。二舅在苦难中也乐观勤勉，值得佩服；同时二舅这样勤勉乐观的老实人却遭此悲剧，值得反思,27天前发布
862,一股鸡汤味,27天前发布
863,??,27天前发布
864,这已经不是鸡汤了，这是鸡精,27天前发布
865,投币&gt;点赞系列,27天前发布
866,https://www.bilibili.com/video/BV1FV411d7u7?spm_id_from=333.337.search-card.all.click&amp;vd_source=d8ad49295fcb551e49205b66d20863fe,27天前发布
867,调休七天，上班治好了我的精神内耗,27天前发布
868,平和，平心，平智。[奋斗],27天前发布
869,与其歌颂苦难，不如一起想想怎么能解决苦难，就比如一些不平等的问题。。。,27天前发布
870,@高数杀我速救,27天前发布
871,B站上赚的钱会给二舅养老吗？,27天前发布
872,鲁迅：回村三天，闰土治好了我的精神内耗,27天前发布
873,@十九于初 纵有千言万语，一切尽在不言中,27天前发布
874,这作文应该可以得100分吧！,27天前发布
875,要是没有结尾的鸡汤，堪称纪录片[微笑],27天前发布
876,@小黑不太爱学习,27天前发布
877,看了几遍，因为从二舅身上看到了我父亲的影子，同样的成绩优异，同样的生不逢时，同样的心灵手巧。他在我初三那一年去世了，一起走的还有我的母亲。自那以后，多年前一个下午的场景便愈发清晰，他说愿再供我一年，也要让我上清华。是的，那时我的成绩很好，所以我自命不凡，坚信着自己能够带领这个家庭走向更好的生活，所以没能把那句爱你说出口，成为了永远的遗憾。他们走后，上清华便被我当成了父亲的遗愿，当时可能还有着对那些冷眼旁观的亲戚的恨，但如今已然不值一提。这个执念竟支撑我努力了三年，我一直觉得自己的身上有着命运的味道，高考，自主招生笔试，面试，一切都理所应当，我上了清华。但是然后呢，那曾是支持着我前进的唯一动力，达到了，也就迷茫了。如今坐在中科院某所的工位上，焦虑，愧疚却又整日无所事事，就像一台生锈了的机器，时光能裹挟我向前，却不能将我启动。成绩曾经能给我带来多少优越感，如今便能带来多少痛苦。,27天前发布
878,敬二舅,27天前发布
879,看得太入迷，看了三遍才才发现我三连没给[doge],27天前发布
880,歌颂的应该是战胜苦难的人，而非其他，有些苦难是可以避免的，只是有些人想让你替他们接受本不属于你的苦难，才来鼓吹“人就应该跟苦难斗争”，我们想要的社会应该是没有苦难的，不是人人在泥泞里挣扎，比谁折腾的狠,27天前发布
881,有没有大佬编成电影搬上大荧幕,27天前发布
882,不幸就是不幸，没什么好歌颂的，只是更多的是无能为力罢了,27天前发布
883,悟已往之不谏，知来者之可追。,27天前发布
884,@QMT- @若有春久,27天前发布
885,留下记录,27天前发布
886,他公平,27天前发布
887,不知为何 我想到了后浪那个视频,27天前发布
888,留下记录,27天前发布
889,“一个人的传奇，一个民族的史诗”,27天前发布
890,二舅治好了精神内耗，加班猝死的二妹大写的惨啊,27天前发布
891,真心希望希望每一个中国人都活的像二舅一样简朴??????,27天前发布
892,https://b23.tv/bCVUfpi,27天前发布
893,【又出现劳动者加班猝死？-哔哩哔哩】 https://b23.tv/HEje8gO,27天前发布
894,"从知乎过来的，两边的评论看了下，我都怀疑我是不是生活在两个平行世界[辣眼睛]
当然了，最后加一句，敬二舅[微笑]",27天前发布
895,二舅越多，大伯三伯才能越好，继续加油吧,27天前发布
896,回家三天，闰土治好了我的精神内耗——鲁迅,27天前发布
897,大家尊敬二舅的话，就不要去打扰人家平静又富饶的生活。,27天前发布
898,从这里开始，我个人观点哈，支持的高赞up我一律关注(la black)!!,27天前发布
899,二舅没治好，大伯三伯才有疗效,27天前发布
900,敬二舅,27天前发布
901,武 训,27天前发布
902,鸡汤太浓了吧,27天前发布
903,又在试探吗，文人就是个臭老九。[囧],27天前发布
904,“我觉得这件事就变得很不酷了”[tv_偷笑][tv_偷笑][tv_偷笑],27天前发布
905,全程转述感觉很怪，为什么不让二舅自己开口说说呢[思考],27天前发布
906,"全篇就以旁观者诉说，二舅不能自己表达一句话吗？
这真的是二舅全部自己想说的话吗？",27天前发布
907,说心里话，我觉得悲伤,27天前发布
908,二舅没说一句话，二舅是不想说还是不能说,27天前发布
909,别具心裁,27天前发布
910,三千万打卡,27天前发布
911,唉呀你,27天前发布
912,"赞美苦难的，只有那些站在我们苦难上才能好好生活的人，例如资本家。
举个例子，有点像蚊子咬了你一口，但是他发了一篇文章叫，描述一个人如何在被咬得浑身大包，痛痒难耐的情况下，安慰自己好好睡觉。而不是去点一盘蚊香之类的。苦难不值得被歌颂，苦难没有意义",27天前发布
913,你能把这期视频的收入給二舅吗[给心心],27天前发布
914,树先生是什么,27天前发布
915,人这一辈子究竟为了什么,27天前发布
916,一定是胜利，因为已经胜利了,27天前发布
917,火了之后什么苍蝇老鼠都来了,27天前发布
918,没什么好说的。，希望大家都健康平安,27天前发布
919,我年纪轻轻，也遇到了一些挫折，用了很久的时间才站了起来。人生总是充满意外，就像高烧时的药剂，打完病就好了，没料到残废了。要从不幸中站起来才是最难的，人只有还有念想，才能过好以后。我想就是，我们遇到不如意的时候，能够平和接受一些意外，尽力去弥补、扭转 更重要的是自己得站起来 一直往前看,27天前发布
920,??,27天前发布
921,苦和难都让二舅受了，投币和点赞都让一个傻小子up主得了。当结尾那句献给二舅显现的那一刻，up主已经跌入内耗的深渊。,27天前发布
922,发布了这么久，现在还有3.6万人正观看，也太厉害了吧！！！,27天前发布
923,我这把普通牌，却玩得稀碎,27天前发布
924,[支持],27天前发布
925,卧槽，牛逼,27天前发布
926,[无语],27天前发布
927,生活不会给你时间解释自己的遭遇，从不回头看,27天前发布
928,想起了《皮囊》,27天前发布
929,我的遗憾太多了，这些遗憾总是让我忍不住回头看，而一旦回头看我就会陷入无止境的焦虑和后悔,27天前发布
930,下定决心，排除万难，去争取胜利,27天前发布
931,这条人生路通向的一定是胜利！[给心心][给心心],27天前发布
932,对不起之前取关你，现在回头看，才发现这期视频的……内涵，哥…回关了！,27天前发布
933,苦难就是苦难，苦难不应该被歌颂。,27天前发布
934,[微笑],27天前发布
935,看完除了平凡、伟大、强悍，我 说不出更合适的词！,27天前发布
936,读书是有用的[给心心][给心心][给心心],27天前发布
937,[热],27天前发布
938,敬二舅,27天前发布
939,老杨进击：如何看待二舅精神？假如二舅去维权，二舅就寻衅滋事。二舅忍气吞声努力活着，央媒就点名表扬让大家学习正能量。,27天前发布
940,"在阿Q的一生当中，始终孓然一人，无业游民一个，依靠为别人干些体力活来勉强维持生计。他连一个真正意义上属于自己的住处都没有，只得苟安栖身于祠堂里。就是在这样的窘境里，他也不得不常常为窘境的不能维持而苦恼，为别人挤占了他的位置而角斗。
然而他的状况却并没有因此好转，反而更加恶化了。因为角斗中他并没有真正获得实质性的胜利，只是落魄后精神上的自以为是罢了，了以自慰。",27天前发布
941,二舅真的快乐吗？真的获得了自由吗？谁喜欢过苦难的生活呢？自以为表达的真情实感，实则将他人的痛苦磨难活生生泼在人脸上，看着真的舒服感动吗？看着真的很酷吗？观众真的被感动了那真是心智不成熟，习惯了喝鸡汤。,27天前发布
942,身体上的不利让二舅似乎是弱者，但从视频中能看到，他在认真生活，有自己的长处和价值，所涉略的方面远超出一般人，生活充实，精神富足。衷心祝愿二舅和姥姥生活得开心快乐，直到最后。,27天前发布
943,[笑][难过],27天前发布
944,小还是小，不是瞎,27天前发布
945,让我不禁想起了父亲小学，以第二名成绩考上初中，却被人顶替，爷爷找人翻卷子查分才能上初中，作为家里的老大十七岁辍学到了水泥厂，在水泥厂边干活边看书三十四岁那年考上了律师，在县城过着还不错的生活。,27天前发布
946,即使平凡一生，但仍热爱这个世界,27天前发布
947,谢谢??,27天前发布
948,[微笑],27天前发布
949,把苦难当成赞歌？,27天前发布
950,希望不会有人去打扰他们吧,27天前发布
951,"人生最大的遗憾就是一直在遗憾过去的遗憾
要向前看",27天前发布
952,怎么治精神内耗的……我看了感觉更加坐立难安,27天前发布
953,“真正的鸟是关不住的，它们的羽翼太光辉了。”,27天前发布
954,可以评价的点太多了，我想说最后那段，我们四肢健全，上过大学，又生在这样一个繁荣昌盛的时代，我们应该拥有更加充实的人生，更加努力的生活,27天前发布
955,这个视频我看到的是那句话：认命可以，躺平不行。[笑]   转,27天前发布
956,讲得确实很文学，二舅也确实很令人佩服。但是天下还是少一些这样的二舅为好。希望生活本身是越来越好的，而不是只能玻璃渣里找糖吃。大庭广众之下把玩别人的痛苦，总觉得哪里出了些问题。,27天前发布
957,"敬二舅
[打call]",27天前发布
958,看了并不觉得治愈，太苦了，本不该这样,27天前发布
959,二舅一点都不平凡如果真的公平他应该是完全不同的境遇,27天前发布
960,二舅，我悟了,27天前发布
961,对不起我的关注点很奇怪但是…感觉能拿去做阅读题[委屈],27天前发布
962,"【22岁女孩熬夜加班后猝死，父亲痛哭：望在外打拼孩子都照顾好自己-哔哩哔哩】 22岁女孩熬夜加班后猝死，父亲痛哭：望在外打拼孩子都照顾好自己
[给心心]",27天前发布
963,"不是《活着》，胜似《活着》，甚至比《活着》更丰富。
《活着》里面只有苦难，《二舅》里面却充满了生活的酸甜苦辣咸。",27天前发布
964,不就是低需氧人才嘛,27天前发布
965,双斑锦：我没惹你们任何人,27天前发布
966,如果沒有四针、就沒有了你了、沒有我看到这视频、一切都是緣。,27天前发布
967,后浪翻版,27天前发布
968,结尾高一些就更好了,27天前发布
969,我们的马斯克，乔布斯就埋没在山村里了,27天前发布
970,歌颂苦难并不值得推崇，想想怎么减少苦难,27天前发布
971,所以……何为精神内耗……何为更荒诞……我们真的能够回避时代带来的涛涛洪流吗？,27天前发布
972,@单于矣流雨,27天前发布
973,我看这个视频感觉自己很苦逼,27天前发布
974,苦难从来不值得被歌颂,27天前发布
975,致敬二舅,27天前发布
976,光头我走后，你们就是我,27天前发布
977,感觉像看了一篇小说。,27天前发布
978,https://b23.tv/NRfaS7m,27天前发布
979,致敬二舅,27天前发布
980,up主真是别有用心啊 辛苦了,27天前发布
981,看哭了,27天前发布
982,我评论呢日,27天前发布
983,人生无常,27天前发布
984,可恶，为什么只能投2个币[doge],27天前发布
985,不要让时代的悲哀成为你的悲哀,27天前发布
986,估计是扎到坐骨神经了,27天前发布
987,不要赞美苦难！！！！,27天前发布
988,敬二舅！,27天前发布
989,文案真好[打call],27天前发布
990,这不拍电影本人第一个不同意[爱心][爱心][爱心],27天前发布
991,诙谐的言谈下，是那种无能为力的心酸，即使他并不需要我们的怜悯因为我们却并不一定比他活得更好,27天前发布
992,????????????????????????,27天前发布
993,庄敬自强这个词不是随便用的！有心人查查这个词的来源就知道了！,27天前发布
994,"如果我是二舅，可能就自怨自艾一辈子了。
同情他的苦难，也羡慕他那苦难中的坚韧。
耳机刚好循环到这首歌词
你不像那一位春山点墨的诗人
你只是披风戴雨俗世人
太碌碌无闻 悄然度晨昏，一双眸却比诗句动人。
你也非提剑披甲的英雄
你只是洪荒剧场的落座观众
哭了或笑了
散场后还要继续安稳过你的人生",27天前发布
995,当时人们不管学识高低，其码大环境是平和的，空气是好的，人心也是纯净的。。当下的环境和氛围，所有的不幸，所有的挫折，想不焦虑除分你是圣人级别,27天前发布
996,awa,27天前发布
997,尊重二舅最好的方式，不是歌颂他勇面苦难的品质，而是消灭不断产出苦难。_知乎,27天前发布
998,燕国地图太长了,27天前发布
999,忍不住哭了,27天前发布
1000,光头：我走后，你们就是我,27天前发布
1001,好！,27天前发布
1002,这鸡汤你们怎么不喝啊？[傲娇],27天前发布
1003,“二舅”这状态不就最符合资本家对工人的要求，讲奉献，讲牺牲，只要努力精神富足，能吃饱不饿就行了，别追求那么多，欲望可以有，但别那么大。二舅是值得尊敬的，造成二舅还有给人们灌鸡汤接受成为二舅的是要唾弃的。,27天前发布
1004,致敬,27天前发布
1005,不倡导苦难，但是要记住苦难，是为了将来不再苦难,27天前发布
1006,这篇文章能在哪看[鼓掌],27天前发布
1007,都可以拍一部电影了,27天前发布
1008,[tv_点赞][tv_鼓掌],27天前发布
1009,一“视”激起千层浪。人们从不同的角度在诠释着 ！ [支持][支持][支持],27天前发布
1010,二舅成功了，我却永远失败,27天前发布
1011,多拍点二舅吧，二舅的智慧大概无人能及吧,27天前发布
1012,要卑微，因为你是泥土所生；要高傲，因为你来自星辰大海……,27天前发布
1013,二舅真的是太棒了！希望为二舅致敬的人都能成为二舅！！！,27天前发布
1014,??,27天前发布
1015,二舅的事迹很令人动容，我也会因为二舅在苦难中挣扎和努力生活而感到生命的坚韧，但是苦难真的值得歌颂么？苦难的背后更重要的不是糟糕的社会环境么？二舅没有治好我的精内耗，恰恰相反，二舅就像是“你看我都这样了还坚强生活，你又怎能精神内耗”？,27天前发布
1016,敬二舅,27天前发布
1017,这么多人看,27天前发布
1018,苦难依然乐观，但是乐观依然苦难,27天前发布
1019,有人有二舅，有人有大伯三伯,27天前发布
1020,作者有文化,27天前发布
1021,这个视频的轰动应该引起作家的思考，我只觉得他们的作品被很多炫目的叙述方式和太厚的自我意识茧壳包裹得太严实了，以致没了鲜活的空气和生机勃勃的长势。反倒是这么一个叙述上很简单的视频，因与那么多的人生直接牵扯在一起，而显得血肉丰满从而也很有力量。这倒令我想起巴金先生在谈到“艺术的最高境界，是真实，是自然，是无技巧”时所说的话,27天前发布
1022,"这是我看的第三个关于活着的作品，第一个是余华的《活着》故事用接连不断的苦难，悲壮的揭示活着本生就是活着。第二个是皮克斯的《soul》用快乐和感动阐述活着不用有理想和意义，享受生命。
二舅减少了《活着》的凄惨，更不同于《soul》的那种享受生命，而且用更贴切我们生活的方式，用我们身边有的身影，让我们从远方的文学和影视作品到我们自身周围，身行力践的展示渺小的小人物的无限生命。",27天前发布
1023,把这个东西放在语文书里，不知道有多出彩。,27天前发布
1024,世间有一种人，他们生不逢时，郁郁不得志。他们也曾逃避，但对生活的那种热爱与无奈是磨灭不了的，因此他们会在平凡的角落，以不为人知的身份述写着不为人知的故事——敬平凡中的伟人。,27天前发布
1025,1977年恢复高考的时候二舅十八九岁，那二舅就是1958-1959年生人。今年也只有63-64岁，那几年前二舅如何跟老母组成6688组合的呢？,27天前发布
1026,姥姥五个儿女，怎么只有二舅给姥姥养老呢？,27天前发布
1027,@满怀希望所向披靡-,27天前发布
1028,点赞的人454万，投币的人，却有500多万，大家知道，光点赞怎么够！币是留不住的！,27天前发布
1029,二舅那佝偻的身影，却藏着多少中华民族的美好品质！强悍，乐观，自强……,27天前发布
1030,[热],27天前发布
1031,看了二舅，我的内耗更严重了......,27天前发布
1032,[呲牙][呲牙][呲牙],27天前发布
1033,以凡人之躯，比肩神明。,27天前发布
1034,“永远不要相信苦难是值得的，苦难就是苦难，苦难不会带来成功，苦难不值得追求。磨练意志是因为苦难无法躲开。”,27天前发布
1035,不必歌讼苦难，珍贵的是勇敢,27天前发布
1036,[热],27天前发布
1037,我觉得，这个视频放在国际上能获奖,27天前发布
1038,没有江西小周疗效好[给心心],27天前发布
1039,敬二舅,27天前发布
1040,普通人的一生，永远得不到那理应得到的，总在百转千回后才能意识到平凡的活着就是莫大的运气。,27天前发布
1041,"不是同一个年代，但是是同一个内核
回村三天，二舅被拍成了新时代的武训传",27天前发布
1042,这视频已经晋升全BILIBILI第一了吧,27天前发布
1043,[呲牙][呲牙],27天前发布
1044,光头：我走后，你们就是我,27天前发布
1045,和精神内耗有个什么关系[藏狐],27天前发布
1046,太励志了，这不比那些流量明星更应该关注吗，这才是真正的吾辈楷模，致敬二舅，愿他天天开心[热词系列_你币有了],27天前发布
1047,三天给干到3000w播放 这也太猛了,27天前发布
1048,"这个“二舅”视频火了之后，网络质疑和蹭流量现象不断，质疑抄袭的，质疑原型失真的……恨不得刨地三尺也得把原型和类似作品扒出来，挑挑刺，可恨至极。

我们大可把它当作一篇写人的电视散文看，文案写得真的很棒，优美而温暖，主题凸显平凡人生的美好。在浮躁喧哗的当下，触发对人性美好的回忆或想象，寻到心灵的慰藉，岂不很好。
为何非要寻根问底去追究人物的真实还原度，把很美好的东西扒得鲜血淋漓。难道对于西施貂蝉，也得要扒出坟墓测测骨相，然后得出“并没有想象中的美”的结论才罢休。

退一步讲，就算情节有些许不符实际，但我们要明白，有时候需要适度虚构或夸张，需要对于美好人性憧憬和向往，需要文学性的表达。
可惜，信息时代，读者病了，文学也病了。来源yu某网友复制",27天前发布
1049,BV16a411U7Mb,27天前发布
1050,二舅的苦难成了你比惨的安慰剂而已，就别硬扯到精神内耗上了。,27天前发布
1051,好一个春秋笔法，只让大伙看到了二舅苦难一生仍然勤奋乐观，闭口不谈二舅勤奋乐观依旧苦难。,27天前发布
1052,文笔真好！,27天前发布
1053,记住这一切都是谁给的,27天前发布
1054,那四针限制住了二舅的肉体，却无法挡住二舅灵魂散发的光。,27天前发布
1055,“永远不要相信苦难是值得的，苦难就是苦难，苦难不会带来成功，苦难不值得追求。磨练意志是因为苦难无法躲开。”,27天前发布
1056,我人生才刚刚开始就见过很多身边的人，像二舅一样，所以我高中的时候就努力读书，做点力所能及的小事，我本身就是个很愤世嫉俗的人，总是在想为什么好人得不到善终，为什么淳朴善良的人老是沦为利益者的牺牲品，为什么在岗位上辛勤劳作的人得不到应有的回报，为什么身无长处的明星收入是老百姓一辈子都挣不来的却还是枉法，归根结底是因为什么，读的书越来越多，越佩服那些名垂青史的人，违抗一种趋势逆天改命是孤独而光明的，需要很大的毅力和勇气。,27天前发布
1057,思想控制算了吧,27天前发布
1058,很多人被视频感动，我认为首先这是一个普通人的故事，很多人在故事中看到自己或者是亲人或是身边人的影子。还有，这是一种非常朴素的叙述和表达，贴近了人心。,27天前发布
1059,听我妈说，我二舅腿也是打针搞坏了，但不像视频里的二舅怎么严重。  [笑哭],27天前发布
1060,我有个小五爷爷，听说他也是读书特别厉害，但是就是仅仅因为中暑打错了针，在十一二岁的年纪就去世了，二舅真的是那个时代的缩影[大哭],27天前发布
1061,永远别去歌颂苦难，人民的伟大精神不是让人民承受苦难的理由！,27天前发布
1062,"我想起一个问题，就问：“可是呢，一只蜜蜂能活多久?”

　　老梁回答说：“蜂王可以活三年，一只工蜂最多能活六个月。”

　　我说：“原来寿命这样短。你不是总得往蜂房外边打扫死蜜蜂么?”

　　老梁摇一摇头说：“从来不用。蜜蜂是很懂事的，活到限数，自己就悄悄死在外边，再也不回来了。”

　　我的心不禁一颤：多可爱的小生灵啊，对人无所求，给人的却是极好的东西。蜜蜂是在酿蜜，又是在酿造生活;不是为自己，而是在为人类酿造最甜的生活。蜜蜂是渺小的;蜜蜂却又多么高尚啊!

　　透过荔枝树林，我沉吟地望着远远的田野，那儿正有农民立在水田里，辛辛勤勤地分秧插秧。他们正用劳力建设自己的生活，实际也是在酿蜜——为自己，为别人，也为后世子孙酿造着生活的蜜。

　　这黑夜，我做了个奇怪的梦，梦见自己变成一只小蜜蜂。",27天前发布
1063,敬二舅,27天前发布
1064,"敬
二舅",27天前发布
1065,“文艺片”,27天前发布
1066,这样的人，脱离不了那个时代。那个时代，诸多这样的人。他们坚强，他们坚强，他们坚强！,27天前发布
1067,太棒了,27天前发布
1068,苦中作乐，看到的是苦难。希望二舅会因这次流量改善一下生活。,27天前发布
1069,生活里哪有那么多转进和升华，这只不过是十三亿鲜活群众中的一个。,27天前发布
1070,等,27天前发布
1071,以前的时代真是有不少不公的事啊，还好现在已经没有了呢??,27天前发布
1072,祝大家跟二舅一样过得这么丰富多彩??,27天前发布
1073,看来苦日子是真的快到了,27天前发布
1074,这是你表述你认为你以为的二舅，你剥夺了千千万万个二舅他们真实的一生，还强行关联到治疗内耗,27天前发布
1075,莊敬自強、處變不驚,27天前发布
1076,一碗毒鸡汤,27天前发布
1077,[嗑瓜子][给心心][给心心][给心心],27天前发布
1078,"尊重二舅最好的方式，不是歌颂他的奋斗 坚韧的品质，而是消灭剥削他的背后的力量，否则只会纵容平庸的恶毒。二舅的苦难不是什么美化的虚无的时代的悲剧，而是真真切切的既得利益者享受美好的牺牲品。凭什么他努力劳动，却过得如此悲惨，物质匮乏 缺少生活，还要照顾老母亲。而有的人可以花天酒地，泡网红却被当做国民老公。如果你是普通劳动者，无产阶层，醒一醒。二舅是被剥削压榨的代表，他的个体苦难值得同情绝不值得歌颂，这个时代需要社会奋斗 消灭剥削，而不是个人 为别人的美好生活奋斗！
(转载)",27天前发布
1079,准备好了吗？障碍都给你设好了！打好鸡血！开始闯关吧！！！虽然很佩服二舅，但是鸡汤真的有点毒…,27天前发布
1080,武训传罢了,27天前发布
1081,[支持],27天前发布
1082,敬二舅，每个人心中都有一个二舅,27天前发布
1083,不知道为什么看哭了[大哭],27天前发布
1084,@是否提交昵称,27天前发布
1085,可以帮我疏导一下吗？新高考填志愿时把顺序搞错了，考重本的分去了本地小城的二本学院，那些喜欢的大学都还没来得及看到我的档案。我知道是我自己的错，但始终没法看开，哭了三天了，一想到这件事就很难受。可以开导下我吗？谢谢！,27天前发布
1086,@潜龙Cielo,27天前发布
1087,苦难从来都不值得歌颂。,27天前发布
1088,文采真的没得说，敬二舅！,27天前发布
1089,总感觉有在夹带私货…但是又说不出来,27天前发布
1090,二舅带给你三千万播放，你给了二舅什么,27天前发布
1091,"尊重二舅最好的方式，不是歌颂他的奋斗 坚韧的品质，而是消灭剥削他的背后的力量，否则只会纵容平庸的恶毒。二舅的苦难不是什么美化的虚无的时代的悲剧，而是真真切切的既得利益者享受美好的牺牲品。凭什么他努力劳动，却过得如此悲惨，物质匮乏 缺少生活，还要照顾老母亲。而有的人可以花天酒地，泡网红却被当做国民老公。如果你是普通劳动者，无产阶层，醒一醒。二舅是被剥削压榨的代表，他的个体苦难值得同情绝不值得歌颂，这个时代需要社会奋斗 消灭剥削，而不是个人 为别人的美好生活奋斗！
(转载)",27天前发布
1092,有点想笑[给心心][给心心][给心心]如果你是二舅该怎么办,27天前发布
1093,看到“二舅”们逆来顺受接受现实默默承受苦难我只会更加难过甚至感到愤怒，只有“二舅”们乃至于所有遭受过不公平对待的人去反抗不公积极抗争我的精神内耗才会被治好??????,27天前发布
1094,再如何歌颂悲剧，可悲剧永远是悲剧,27天前发布
1095,有感而发，肃然起敬,27天前发布
1096,https://www.bilibili.com/video/BV1JF411N716?share_source=copy_web&amp;vd_source=90956a67951ef126fbe56f0ddf7f6bff,27天前发布
1097,看哭了[大哭],27天前发布
1098,这个视频真的好,27天前发布
1099,香啊，很香啊（指鸡汤）。,27天前发布
1100,优秀滴人儿……,27天前发布
1101,你二舅这牌打的好吗？好吗？？？好吗？？？？你再说一遍打的真好？？？  要脸吗？,27天前发布
1102,看完总有一种疑惑感，就是说不出来的感觉，我好奇怪,27天前发布
1103,阿q挺多,27天前发布
1104,今身成为首陀罗 来身必成刹帝粒 你说婆罗门？ 我不配,27天前发布
1105,慈禧快乐舅[呲牙],27天前发布
1106,可以跟二舅共情的老实人，有过悲惨经历曾遭受过不公平对待的人，看到这些精神内耗只会更严重??????,27天前发布
1107,联想到了我爸,27天前发布
1108,没有永恒的胜利，只有永恒的吃苦。一代人有一代人的长征，二舅ver。,27天前发布
1109,有时候觉得自己已经长大了，经历很多事情了，看完这个视频和评论后才发现自己的见闻和经历还是不够多，像精神内耗和歌颂苦难这两个词的含义还是不懂，自己毕竟没有经历过精神内耗也不会懂深陷其中的人的感受，看这个视频也没有多大感受，或许某天自己真正经历过一些事情后再来看这个视频感触会更多吧。,27天前发布
1110,敬二舅 敬你我 但不敬苦难,27天前发布
1111,人生最大的遗憾就是一直在遗憾过去的遗憾,27天前发布
1112,因为二舅本人缺位没有发言，这个视频看的我很难受，感觉有人在替二舅总结一生，替他与苦难和解，替他不以物喜、不以己悲，就像是在感动前面倘若加上自我两个字，一切升华都会变得可疑起来。,27天前发布
1113,把视频收益给二舅当诊金可以吧，反正流量你也收获了,27天前发布
1114,我们一边说不想吃苦，一边感谢着二舅的苦难，又给二舅吃的苦赋予意义，真是一种伟大到吊诡的思维转变。,27天前发布
1115,中国人常说生老病死，生死之间何苦还要再隔上个老病呢？这可不是上天的不仁，而是怜悯。不然我们每个人都在七八十岁却还康健力壮之年去世，那对这个世界该有多么的留恋呢？那不是更加的痛苦吗？从这个意义上来讲，老病是生死之间的必要演习。,27天前发布
1116,就一句话 这个视频哪里赞颂苦难了,27天前发布
1117,3分钟前的评论没了？,27天前发布
1118,灰色幽默,27天前发布
1119,视频火了二舅的生活不会被打扰吧,27天前发布
1120,也许这也是一种传奇,27天前发布
1121,眼眶湿了,27天前发布
1122,我现在只担心一些不明白的学生会在作文里滥用这个例子，再配上“庄敬自强”之流的话，恐怕是要有问题的了,27天前发布
1123,看哭了,27天前发布
1124,平凡人的一生，,27天前发布
1125,想起了余华的《活着》，这些都让我深深感受到了平凡而伟大。致敬努力生活的每个普通人。,27天前发布
1126,青流,27天前发布
1127,看着看着眼泪就出来了，为什么有人能活的那么认真,27天前发布
1128,厉害了！三天涨了百万粉丝！,27天前发布
1129,为什么只有二舅在照顾姥姥,27天前发布
1130,一个视频100万粉丝,27天前发布
1131,火了来回看[给心心],27天前发布
1132,二舅，一个普通的人,27天前发布
1133,看完我赶紧从床上起来了[奋斗][奋斗][奋斗],27天前发布
1134,这个视频我看到的是那句话：认命可以，躺平不行。[笑],27天前发布
1135,不看表达的话，叙述的能力很强,27天前发布
1136,百看不厌,27天前发布
1137,斯德哥尔摩,27天前发布
1138,经典,27天前发布
1139,为什么这么好的视频没热度了,27天前发布
1140,第一个点好像是所谓的三份高考试卷吧。不过年代确实有点特殊，有人也考证了下。第二个点还是老生常谈的看不到房间里的大象。这种视频仁者见仁，智者见智就行了。主流推他也没办法，总不能天天只看唐山，河南新闻吧。,27天前发布
1141,"给你看的：二舅一生坎坷，但勤奋善良乐观
实际上的：二舅勤奋善良乐观，仍跑不掉一生坎坷",27天前发布
1142,苦难就是苦难，不要美化！,27天前发布
1143,到底想要规训多少人。。。,27天前发布
1144,这个姥姥帕金森病很严重,27天前发布
1145,@一米八女高中生 下定决心，不怕牺牲，排除万难，去争取胜利！,27天前发布
1146,"强行升华毁全篇
豆瓣评分2.2",27天前发布
1147,人红是非多,27天前发布
1148,这个视频，只能默默的，带有敬意的跪着看,27天前发布
1149,说了这么多，就是要引出奋斗这个话题,27天前发布
1150,@一行白鹭上西天1,27天前发布
1151,下定决心，不怕牺牲。排除万难，去争取胜利！ ,27天前发布
1152,视频里面的“二舅”这状态不就最符合资本家对工人的要求，讲奉献，讲牺牲，只要努力精神富足，能吃饱不饿就行了，别追求那么多，欲望可以有，但别那么大。二舅是值得尊敬的，造成二舅还有给人们灌鸡汤接受成为二舅的是要唾弃的。,27天前发布
1153,好汤，大家快来喝啊,27天前发布
1154,感觉可以用这个故事框架拍部电影，拍好了评分肯定不低，二舅如果看到自己的事迹被拍成电影，应该也挺欣慰吧,27天前发布
1155,敬二舅[支持][支持][支持],27天前发布
1156,敬二舅！,27天前发布
1157,"你回去三天让3,000万人认识了一个有趣的灵魂",27天前发布
1158,不悔人生路,27天前发布
1159,有没有和我一样？都是被老师要求写这个视频的读后感[辣眼睛],27天前发布
1160,至于这个视频，如果当成一个励志PPT看，还是很好的。但如果当成一个记录片看，那就是不合格的。最大的问题是作者的表达意图淹没了二舅，二舅到底是怎么想的？谁也不知道？,27天前发布
1161,消解别人的苦难来治愈自己的精神内耗，何尝不是一种高高在上的他者视角。,27天前发布
1162,二舅很惨 我知道 我同情 我敬佩 但是为什么二舅会这样 我就不知道了 也不敢问 也不敢说,27天前发布
1163,二舅为什么会那么惨呢？,27天前发布
1164,"第一反应：他好厉害啊！
第二反应：非常好的作文素材…",27天前发布
1165,敬二舅,27天前发布
1166,现代版祥林嫂是吧，到了最后也得被拿曾经的种种苦难来满足围观人的同情心[打call][打call],27天前发布
1167,我们生在一个充满机遇的年代，四肢健全，上过大学，该走过一个更加美好的人生[给心心],27天前发布
1168,一直在遗憾，一直在后悔，却从未改变,27天前发布
1169,怎么没人说话呢,27天前发布
1170,视频不是要美化苦难，而是让人在面对苦难是，不要沉沦悔恨，要坚强乐观，重获勇气，去争取新的胜利,27天前发布
1171,"我不想治精神内耗，我只希望像二舅这么惨的人能少一些??????
那么问题来了，二舅为什么会这么惨呢？??????",27天前发布
1172,为什么天才最终会这样孤独终老，有人真的问过二舅年轻时候的想法吗？,27天前发布
1173,卧槽3千万播放了,27天前发布
1174,敬二舅,27天前发布
1175,“没有谁的生活会一直完美，但无论什么时候都要看着前方，满怀希望就会所向披靡。”,27天前发布
1176,干了这碗汤,27天前发布
1177,一个大时代的车尾灯,27天前发布
1178,@L琳小琳 学学,27天前发布
1179,哪里有什么坚韧不拔，只有无可奈何。,27天前发布
1180,尊重二舅最好的方式，不是歌颂他的奋斗 坚韧的品质，而是消灭剥削他的背后的力量，否则只会纵容平庸的恶毒。二舅的苦难不是什么美化的虚无的时代的悲剧，而是真真切切的既得利益者享受美好的牺牲品。凭什么他努力劳动，却过得如此悲惨，物质匮乏 缺少生活，还要照顾老母亲。而有的人可以花天酒地，泡网红却被当做国民老公。如果你是普通劳动者，无产阶层，醒一醒。二舅是被剥削压榨的代表，他的个体苦难值得同情绝不值得歌颂，这个时代需要社会奋斗 消灭剥削，而不是个人 为别人的美好生活奋斗,27天前发布
1181,精神内耗是啥我不懂，但这视频成功让我看完更郁闷了。,27天前发布
1182,你有你的二舅 他有他的大伯三伯,27天前发布
1183,在充满不确定的环境中用自身的确定性去改变，二舅是缩影，我们都有与二舅相同的性质不可避免 只是程度不同，不是要赞美苦难，只是不要让沉溺于过去的遗憾成为自己最大的遗憾罢了，走出并尽可能走好接下来的路，平凡的生命才因此得以彰显不平凡的生命力,27天前发布
1184,"正能量：敬二舅
负能量：怎么改善呢?为什么会这样呢?",27天前发布
1185,在线求读后感，300字！！！,27天前发布
1186,复制粘贴的可以复制粘贴了吗，有自己的想法不会有自己的想法吗，人云亦云??????,27天前发布
1187,我致敬但不想面对这样的苦难，若将来我遭遇了，我就将这个视频再看一遍,27天前发布
1188,我只看到了悲苦，二舅值得赞美，悲苦不值得。,27天前发布
1189,在失败中取得胜利，这不是阿q吗？,27天前发布
1190,所以是怎么治好的内耗，求解[干物妹！小埋_？？？],27天前发布
1191,祝大家都能成为二舅那样的人物，一个坚强而勇敢的人[打call],27天前发布
1192,回家三天，祥林嫂治好了鲁迅的精神内耗,27天前发布
1193,好像余华那本《许三观卖血记》，抒情少而简单，故事平淡却偶有波澜，对二舅认真生活的感动 藏在文字之外,27天前发布
1194,三千万了,27天前发布
1195,看个乐呵就好了，自我感动这招到现在还能用啊[tv_doge],27天前发布
1196,敬二舅,27天前发布
1197,遗憾早已变成了习惯,27天前发布
1198,庆重姚明history阿易,27天前发布
1199,他公平！[大哭],27天前发布
1200,呀呼,27天前发布
1201,编辑了很多，但还是删了。仅一条评论我改变不了任何人，因为这个互联网的时代也就是这样了...有的人就是喜欢杠，有的人就是喜欢冲，有的人就是喜欢曲解，有的人就是喜欢替别人发声，却不想想自己是不是自己批判的对象,27天前发布
1202,@Whaoe张 [2022],27天前发布
1203,初看感触颇深，再看平静如水,27天前发布
1204,致敬二舅,27天前发布
1205,新时代武训[吃瓜],27天前发布
1206,啊哈哈哈，鸡汤来喽,27天前发布
1207,他公平,27天前发布
1208,敬二舅,27天前发布
1209,可别致敬了，想想办法改善他们的生活吧,27天前发布
1210,上新闻了耶[doge],27天前发布
1211,致敬那些平凡且勇于面对困难的人,27天前发布
1212,感谢二舅也治好了我们的精神内耗，让我们感受到活着背后不可忽视的力量,27天前发布
1213,"人往往就是快死的时候才发现人生最大的遗憾就是一直在遗憾过去的遗憾。
遗憾在电影里是主角崛起的前戏，在生活里是让人沉沦的毒药。",27天前发布
1214,正能量！不向命运低头，值得我们每个人学习！二舅赶上了好时代啊,27天前发布
1215,@?u?- @?u?- @?u?-,27天前发布
1216,解答一下一些网友对现在这个节奏的疑惑：这群东西网上哪里火就去哪里黑，现在这里火了他们就来这里黑了，仅此而已[tv_抠鼻],27天前发布
1217,"看了这个视频两天后，咋想咋有点感觉不对。UP的视频很好，故事更好。
  但视频火了以后，成了有些人赞美苦难的武器！
  平凡而伟大，用来形容二舅，我感觉就够了。但是不应该去大肆赞美一个平凡人的苦难！",27天前发布
1218,怀才不遇的人有太多,27天前发布
1219,可是社会就喜欢欺负这种老实又不会抱怨的人，难道不是吗？,27天前发布
1220,尊重二舅最好的方式，不是歌颂他的奋斗 坚韧的品质，而是消灭剥削他的背后的力量，否则只会纵容平庸的恶毒。二舅的苦难不是什么美化的虚无的时代的悲剧，而是真真切切的既得利益者享受美好的牺牲品。凭什么他努力劳动，却过得如此悲惨，物质匮乏 缺少生活，还要照顾老母亲。而有的人可以花天酒地，泡网红却被当做国民老公。如果你是普通劳动者，无产阶层，醒一醒。二舅是被剥削压榨的代表，他的个体苦难值得同情绝不值得歌颂，这个时代需要社会奋斗 消灭剥削，而不是个人 为别人的美好生活奋斗！,27天前发布
1221,打四针那段太上头，如果是我会把赤脚医生家房拆了。我还是太年轻了[跪了],27天前发布
1222,虽然苦难被美化了，但看了还是令人动容振奋；虽然看了令人动容振奋，但美化苦难并不是一件好事。,27天前发布
1223,"给你看的：二舅一生坎坷，但勤奋善良乐观
实际上的：二舅勤奋善良乐观，仍跑不掉一生坎坷",27天前发布
1224,浪漫主义真要不得 太傲慢且自私了,27天前发布
1225,我这，我，讲真的，词穷了,27天前发布
1226,有没有一个可能，还有一些“二舅”想的是“我都想县了”??????,27天前发布
1227,平凡的世界,27天前发布
1228,精神可以pua，物质只能安于现状了,27天前发布
1229,@央视新闻,27天前发布
1230,看到工地上的人搬砖，为了生活努力工作，我的精神内耗也治好了,27天前发布
1231,尊重二舅最好的方式，不是歌颂他的奋斗 坚韧的品质，而是消灭剥削他的背后的力量，否则只会纵容平庸的恶毒。二舅的苦难不是什么美化的虚无的时代的悲剧，而是真真切切的既得利益者享受美好的牺牲品。凭什么他努力劳动，却过得如此悲惨，物质匮乏 缺少生活，还要照顾老母亲。而有的人可以花天酒地，泡网红却被当做国民老公。如果你是普通劳动者，无产阶层，醒一醒。二舅是被剥削压榨的代表，他的个体苦难值得同情绝不值得歌颂，这个时代需要社会奋斗 消灭剥削，而不是个人 为别人的美好生活奋斗,27天前发布
1232,哎，有人看视频，有人照镜子，有人照见了全程，有人照了一半,27天前发布
1233,文案真的是一语惊醒梦中人，人还是要活在当下,27天前发布
1234,幽默的文案 我币没了,27天前发布
1235,余华在《活着》里写道：“永远不要相信苦难是值得的，苦难就是苦难，苦难不会带来成功，苦难不值得追求，磨练意志是因为苦难无法躲开。”,27天前发布
1236,普普通通而已,27天前发布
1237,致敬[热词系列_三连],27天前发布
1238,有没有一个可能，也有很多人看到二舅精神内耗更严重了？??????,27天前发布
1239,二舅最宝贵的东西不是他的天才，而是他的心态。,27天前发布
1240,三万多人还在看[2021拜年纪_棒][2021拜年纪_棒],27天前发布
1241,最微缩的纪录片，最简单不过的寥寥文字，记录了一位平凡而高贵的普通人的一生，记录了我们这个民族的芸芸众生,27天前发布
1242,没有一个是无辜的，你不给二舅一个说法，二舅就给你一个说法,27天前发布
1243,余华在《活着》里写道：“永远不要相信苦难是值得的，苦难就是苦难，苦难不会带来成功，苦难不值得追求，磨练意志是因为苦难无法躲开。”,27天前发布
1244,哎,27天前发布
1245,我看时间发言就是为了找那些流水账号发言的 哈哈哈,27天前发布
1246,敬二舅,27天前发布
1247,别回头，向前看,27天前发布
1248,人间正道是沧桑,27天前发布
1249,赢得的财富只能代表你可以从社会获得多少，战胜的苦难则可以证明你自己成长了多少。,27天前发布
1250,＂人的一生的遗憾是在遗憾过去的遗憾＂,27天前发布
1251,二舅和二伯都有光明的未来,27天前发布
1252,想问一个问题，精神内耗是什么？你是怎么得的？,27天前发布
1253,【回村三天，二舅治好了我的精神内耗-哔哩哔哩】 https://b23.tv/yNgz7MK,27天前发布
1254,谁又能不迷失在过去的遗憾中呢？这对大部分人来说真的很难，但二舅做到了。,27天前发布
1255,用他人的苦难来感动自己，为自己发声，却总是忽略苦难者的声音。,27天前发布
1256,敬二舅,27天前发布
1257,二舅第一年躺床上看《赤脚医生手册》；第二年坐院子看天；第三年看木匠工作学习。这是我看到的自救，无解，出路。二舅从那种困境中挣脱出来，他那种精神品质就和出淤泥而不染的莲花一样高洁。很多人都在说up不讲二舅是否愿不愿意，但这些都在二舅的行动中表现了出来，二舅接受了苦难吗？他只是不让苦难成为生活的负担，注意是生活而不是生存。,27天前发布
1258,二舅和霍金些许相似,27天前发布
1259,至始至终二舅没说过一句话,27天前发布
1260,"回乡三天，骆驼祥子治好了我的精神内耗。
回乡三天，闰土治好了我的精神内耗。
换了层皮咋就不认识了？",27天前发布
1261,人生曲折，平凡，可充满力量。,27天前发布
1262,说歌颂苦难的，你们是猪吗？视频的本意明明是鼓励大家就算命运无常，认命不认输。每个人都会有一天面对生老病死苦，这不是针对你的苦难，这是自然规律，不管是亲人的还是自己的，总会遇到的，吸取二舅的经验和教训，提前做好风险准备，善待他人，以乐观的态度面对命运的无常，怎么就理解成歌颂苦难了？,27天前发布
1263,我想写一些高明的评论，却突然发觉自己并不比别人高明多少,27天前发布
1264,佩服中国人的精神,27天前发布
1265,敬二舅,27天前发布
1266,看哭了,27天前发布
1267,我爷爷也是，在我爸高中的时候得了脑梗瘫痪在床，后来家里的钱都用于给爷爷治病了，还欠了人家不少钱。爸爸高三没念完就一个人背井离乡去了广州打工，也正是因为去了广州才遇到我妈也才有了我。我曾问我爸有没有 埋怨过，他说没埋怨是假的，毕竟凭他的成绩考上重点大学不成问题，他也幻想过如果上了大学有了文凭，那这些年会不会走的轻松一些，但他又跟我说如果再让他选择一次他还是会义无反顾放弃高考，因为那是他做为家中长子应尽的责任，并且他庆幸遇到我妈，庆幸遇到了后面的人和事，因为那些都让他度过了苦但丰富的人生，这是其他任何人都未曾经历过的。最后希望大家能认真过好每一天，因为真不知道明天或意外哪一个会先到来[保佑][保佑][保佑],27天前发布
1268,好一碗鸡汤··,27天前发布
1269,看完就行了，该咋样还是咋样，反正第二天就忘了，还得正常生活，只能说得努力变好吧。,27天前发布
1270,评论被吞三条，叔/叔加重了我的精神内耗??????,27天前发布
1271,【原神_哼哼】,27天前发布
1272,3万人正在看?,27天前发布
1273,敬二舅,27天前发布
1274,我在百度上看见有人说视频成本上百万，他说他了解这行这个转镜可以和舌尖上的中国媲美，[辣眼睛][辣眼睛],27天前发布
1275,好好走接下来的路！,27天前发布
1276,这个二舅的遭遇很像我大舅的遭遇，都是在人生中最应该华丽绽放的时候突然戛然而止，可悲可叹,27天前发布
1277,你感兴趣的视频都在b站[琉绮Ruki_哇哦],27天前发布
1278,二舅是他的战士,27天前发布
1279,看得到我扣1,27天前发布
1280,苦难不值得被歌颂,27天前发布
1281,既不激昂，也不燃情，简简单单的家长里短似的对话，给了你流遍周身的平静力量，帮你找到了丢失已久又源远流长的平凡之路。,27天前发布
1282,文案好棒，致敬二舅[罗小黑战记_比心],27天前发布
1283,这个剧的关键在于不能打第四针！不能打第四针！不能打第四针！,27天前发布
1284,大家的评论怎么都不见了？这满足了我对审核的幻想。,27天前发布
1285,问题从来不在于治疗集体性的精神内耗，问题在于治疗造成集体性的精神内耗的世界,27天前发布
1286,不要赞美苦难！,27天前发布
1287,有没有人跟我说一下这个节奏[疑惑],27天前发布
1288,"这个“二舅”视频火了之后，网络质疑和蹭流量现象不断，质疑抄袭的，质疑原型失真的……恨不得刨地三尺也得把原型和类似作品扒出来，挑挑刺，可恨至极。

我们大可把它当作一篇写人的电视散文看，文案写得真的很棒，优美而温暖，主题凸显平凡人生的美好。在浮躁喧哗的当下，触发对人性美好的回忆或想象，寻到心灵的慰藉，岂不很好。
为何非要寻根问底去追究人物的真实还原度，把很美好的东西扒得鲜血淋漓。难道对于西施貂蝉，也得要扒出坟墓测测骨相，然后得出“并没有想象中的美”的结论才罢休。

退一步讲，就算情节有些许不符实际，但我们要明白，有时候需要适度虚构或夸张，需要对于美好人性憧憬和向往，需要文学性的表达。
可惜，信息时代，读者病了，文学也病了。",27天前发布
1289,二舅成就二伯,27天前发布
1290,3000多万播放了[打call],27天前发布
1291,想说点啥，却又说不出来,27天前发布
1292,那个什么，让咱二舅占卜一次要多少钱，怎么才能联系上,27天前发布
1293,复制粘贴的可以闭嘴了吗，有自己的想法不会详细说说吗，人云亦云,27天前发布
1294,我没有UP狠毒捏，我就祝福UP成为二舅吧[星星眼],27天前发布
1295,回村三天，闰土治好了我的精神内耗????,27天前发布
1296,"说得好！关于这个事，我也想简单说两句，你明白就行，总而言之，这个事呢，现在就是这个情况，具体的呢，大家也都看得到，也得出来说那么几句，可能，你听的不是很明白，但是意思就是那么个意思，不知道的你也不用去猜，这种事情见得多了，我只想说懂得都懂，不懂的我也不多解释，毕竟自己知道就好，细细品吧。你们也别来问我怎么了，利益牵扯太大，说了对你我都没好处，当不知道就行了，其余的我只能说这里面水很深，牵扯到很多东西。详细情况你们自己是很难找的，网上大部分已经删除干净了，所以我只能说懂得都懂。懂的人已经基本都获利上岸什么的了，不懂的人永远不懂，关键懂的人都是自己悟的，你也不知道谁是懂的人也没法请教，大家都藏着掖着生怕别人知道自己懂事，懂了就能收割不懂的，你甚至都不知道自己不懂。只是在有些时候，某些人对某些事情不懂装懂，还以为别人不懂。其实自己才是不懂的，别人懂的够多了，不仅懂，还懂的超越了这个范围，但是某些不懂的人让这个懂的人完全教不懂，所以这种不懂的人也没必要访出来,不懂的人看见又来问七问八,最后跟他说了他也不一定能懂,就算懂了以后也对他不好,毕竟懂的太多了不是好事，所以大家最好是不懂就不要去了解,懂太多不好[脱单doge][脱单doge]",27天前发布
1297,二舅要健康长寿啊！,27天前发布
1298,@向洋裕 整个视频平静的叙事感让我哽咽到百感交集却又崩不出一个字。。[大哭][大哭][大哭][大哭][大哭][大哭][大哭][大哭][大哭][大哭][大哭][大哭][大哭][大哭][大哭],27天前发布
1299,有那么几个瞬间，我好想哭。是想到自己过去的遗憾和对现在的不负责，也是为二舅这样的坎坷的遭遇。树先生是村里面第一快乐，二舅是村里面的第二快乐，我没有做树先生的果决，也没有二舅的大才，只希望能在二舅的经历中多看明白一些事情，多想通一些事情。谢谢二舅，谢谢up主，也谢谢我亲爱的老爸老妈，谢谢我的好朋友们。,27天前发布
1300,"人是为了活着本身而活着的,而不是为了活着之外的任何事物而活着的——余华",27天前发布
1301,@波尔情危,27天前发布
1302,命运使然,27天前发布
1303,鲁迅：回到鲁镇三天，闰土治好了我的精神内耗,27天前发布
1304,努力的人在哪都很辛福，脑子里有知识的人在哪都很充实。,27天前发布
1305,@酥酥酥酥凉 好像语文书里的课文啊...,27天前发布
1306,好感动,27天前发布
1307,把我看哭了[大哭][大哭][大哭],27天前发布
1308,精神内耗是吧  让你变成二舅这样看你还耗不耗[吃瓜],27天前发布
1309,看完up主的这部纪录片，虽然up主说不要遗憾，但是我仍为您的二舅感到遗憾，一个聪颖的少年，却因为一次事故，丢失了那么多机会！谢谢up主的记录，这不仅治愈您的精神内耗，也治愈了我的精神内耗，同时让我正视了自己现在的处境！,27天前发布
1310,敬二舅,27天前发布
1311,为啥二舅不说话，问问二舅真不知道回字有几种写法,27天前发布
1312,只敬二舅,27天前发布
1313,我投降??????,27天前发布
1314,二舅有着属于二舅的生活，我的精神内耗，不能由另一个人悲惨的人生来治愈，相反想要治好精神内耗，需要整个社会反思而不仅仅单靠我一个人。,27天前发布
1315,敬二舅,27天前发布
1316,视频中的文学宝藏,27天前发布
1317,看完久久不能平静 值得学习,27天前发布
1318,让这外甥过过二舅的日子试试看，没准真能彻底治好他的精神内耗了,27天前发布
1319,感谢二舅治好了我的精神内耗[给心心][给心心],27天前发布
1320,不要抖机灵！不要耍个性！不要觉得我们找不到你！,27天前发布
1321,有一种统宣的美[支持][支持][支持][支持],27天前发布
1322,我不希望正确被这样,27天前发布
1323,以前这种人，是不是被叫作“居士”,27天前发布
1324,不想让二舅火，自己却拍了二舅，你问过二舅的感受吗，你挣钱了帮过二舅吗。,27天前发布
1325,我跟二舅的距离还差一针[doge],27天前发布
1326,我觉得应该放入课本[脸红],27天前发布
1327,按时间查看评论三秒，友友们加重了我的精神内耗??????,27天前发布
1328,看完这个视频，忍不住哭了。一看up主，居然是尊唐，之前还报过尊唐的历史课哈哈哈哈哈,27天前发布
1329,@adfhth,27天前发布
1330,这些天看了好几遍，希望我以后回头，不会因为一直遗憾着而遗憾,27天前发布
1331,牛逼,27天前发布
1332,这个视频的文案内容好希望上中小学语文课本啊，真的很平淡，也真的很丰富,27天前发布
1333,倒着看评论是吧？你想看到什么？,27天前发布
1334,平凡人不平凡的大半生,27天前发布
1335,[笑哭][笑哭][笑哭]我去，你们说的那二舅是我小舅子,27天前发布
1336,苦难不值得歌颂，希望有一天可以让这群受苦的人不要再受这样的苦难,27天前发布
1337,10分钟的燕国地图还是鸡汤文,27天前发布
1338,哦,27天前发布
1339,想想我爷爷也是这样的一个人，就平凡普通而又伟大，凳子椅子啥的都会做，还会给自家砌房子??????,27天前发布
1340,命运吻我以痛，我报之以歌[热词系列_吹爆],27天前发布
1341,见识到了,27天前发布
1342,我相信大家都读过鲁迅吧[笑][笑][笑],27天前发布
1343,回坦波夫三天，征粮对治好了我的精神内耗（物理,27天前发布
1344,大家都在把视频与余华的《活着》作比较，我却想起了麦家的《人生海海》，世上只有一种英雄主义，就是在认清了生活真相后依然热爱生活，二舅不总是回顾往昔的岁月，在他看透了生活的本质之后依旧选择热爱生活，这不仅是一种对待生活的态度更是一种胸怀与境界，至于这碗鸡汤到底毒不毒，难道每一个热爱生活的人不都应该被尊敬吗[doge],27天前发布
1345,反正你播放量那么高，有热度有流量，钱也挣了不少了，估计你自己再去和你二舅那样做“第二快乐”的人，恐怕是没的机会了，但你其实无所谓吧，反正你只要有钱有粉丝，你就成了第一快乐的人了（6级大号发的评论就嗯是不给显示是吧b站，真有你的）,27天前发布
1346,这条视频做的是真的好……有一种我在看散文一样的感觉。,27天前发布
1347,6666,27天前发布
1348,????,27天前发布
1349,有没有大哥写颁奖词供参考,27天前发布
1350,鲁迅：回村三天闰土治好了我的精神内耗。,27天前发布
1351,你如果用心等待生活，其实你也可以做到那样,27天前发布
1352,"??????二舅??????我的二舅
??????二舅??????我的二舅
??????二舅??????我的二舅",27天前发布
1353,说着二舅的苦，却不思考二舅的生活为什么这么苦，还赞美苦难，无语,27天前发布
1354,这从来就不是比惨,27天前发布
1355,已举办,27天前发布
1356,现在 还有三万人同时在看,27天前发布
1357,"批判其实已经进行了，这个视频已经让你、我、ta都陷入了思考。
有人认为是歌颂苦难，有人认为是活在当下，有人为命运愤愤不平，还有人看到二舅的人生态度而醍醐灌顶。
相信这些都是视频带给我们的，此类种种皆是作品的表达，希望我们在当下的人生重拾希望。",27天前发布
1358,[洛天依]牛，好，棒，香！[doge],27天前发布
1359,比惨，治好了我的精神内耗,27天前发布
1360,我父亲腿残，他没事的时候就在家里给我做了几十年前那种纯木工的床，我不喜欢这种床，叫他不要做了，用不上，今天我看了这个视频，我似乎明白了一些，感谢！三连。,27天前发布
1361,阅读题警告[打call],27天前发布
1362,能不能让二舅也说句话啊[给心心],27天前发布
1363,清末的人都像二舅这样，慈禧能笑死，鲁迅能气死[给心心],27天前发布
1364,谁能告诉我为什么只能投两个币啊,27天前发布
1365,太牛逼了,27天前发布
1366,@邹鱼大人,27天前发布
1367,晕倒了,27天前发布
1368,泪目，平凡人的伟大,27天前发布
1369,呵呵??，你们这些喷子看得懂吗？二舅多努力啊，你努力一点不就能变好了吗??,27天前发布
1370,这不就是动物农场里那匹名叫拳击手的马儿吗。,27天前发布
1371,二舅被人pua和利用了一辈子，最终还是被外甥利用了。up恰到了流量，然後宣布大家不能找到二舅。既然二舅过得这么艰难，为什么不用流量帮二舅赚点养老钱，比如卖卖纯手工家具？为什么不行？B站上千万播放量，up你赚了多少钱？为什么不帮帮你二舅？为了讓你有毒鸡汤可以喝，二舅就得一辈子受穷是吧？,27天前发布
1372,不想成为二舅，无论是我成为还是别人成为,27天前发布
1373,[辣眼睛][笑哭],27天前发布
1374,社会稳定就需要更多二舅,27天前发布
1375,看了那么多的视频  从来没有一个让我可以安静的看完的  基本上都是跳着看  但是这个不一样  他让我看了之后  后悔了  为什么不好好读书  导致现在连一句说得出口的评论文章都没有  只能说  动漫里面的六边形战士都是虚拟的  你们把握不住  现在现实中的六边形战士就在你周边  只能说 多了解一下自己的亲人  趁他（她）还在的时候,27天前发布
1376,@是禾雨不是雨禾,27天前发布
1377,没两天，这风向就变了。[吃瓜],27天前发布
1378,拿别人的苦难当做赞歌，无情又狠毒,27天前发布
1379,建议up赶紧去体验这样的苦难[星星眼][星星眼][星星眼][星星眼],27天前发布
1380,看着二舅啊，我终于明白了一句话“平凡与高贵其实并不冲突”,27天前发布
1381,币比赞多一百多万的视频真的厉害啊[星星眼],27天前发布
1382,大舅66岁，是56年人吧，77年高考应该是21岁吧，为什么视频里说18、9岁，不知道我算错没有,27天前发布
1383,我们愤怒,27天前发布
1384,币比赞多一百多万的视频真的厉害啊[星星眼],27天前发布
1385,泪目,27天前发布
1386,苦难不值得歌颂，值得歌颂的是人,27天前发布
1387,千载谁堪伯仲间？！,27天前发布
1388,希望大家都当“二舅” 这样他们的天下就坐稳了,27天前发布
1389,6688一点都不酷。,27天前发布
1390,苦难不值得赞美,27天前发布
1391,闰土：回瓜田三天，猹治好了我的精神内耗,27天前发布
1392,为二舅遗憾…命运太不公平，这几十年他经历的苦难可能只有自己知道吧,27天前发布
1393,若批评不能进行，则赞美毫无意义,27天前发布
1394,迅哥看了直呼内行。,27天前发布
1395,有一种苦难的美,27天前发布
1396,敬二舅,27天前发布
1397,@十一潇筱 为什么要歌颂苦难呢,27天前发布
1398,想起了我的三舅，原来也是十里八乡的第一名，考到市里的高中。后来得了一种头疼病就辍学了，也是学的木匠。,27天前发布
1399,"[微笑][微笑]
几日全网说二舅
多少往事忍回头
懵懂半百别微醉
福祸一对参优悠
常看人间真善美
不听满耳风马牛
我命由我我由谁
东来岁月西来流
[爱心][爱心][爱心][保佑][保佑][保佑]",27天前发布
1400,这好好运营一下，二舅又要成为一个丁帧了，就叫他“木匠丁帧”,27天前发布
1401,希望大家都能成为二舅[给心心][给心心],27天前发布
1402,莫名的感动。,27天前发布
1403,请各位带着二舅精神坚强的活下去[大哭],27天前发布
1404,虽然文案很好，好几个地方也确实醍醐灌顶，但是这真的不算美化苦难吗？尤其还是那种情况下造就的苦难。,27天前发布
1405,公平??,27天前发布
1406,也许上天看到了二舅 想让他留下来守护这个村子吧,27天前发布
1407,拿别人的苦难当做赞歌，无情又狠毒,27天前发布
1408,他公平,27天前发布
1409,我走之后，你们就是我。,27天前发布
1410,二 韭,27天前发布
1411,活出了自己,27天前发布
1412,赞美苦难的活佛,27天前发布
1413,感觉没什么资格评价，敬二舅和像他一样在这个纷繁复杂世界里仍然让我们感到民族精神文明的高贵的人物,27天前发布
1414,任劳任怨能赚钱发财吗？谁最希望普通人都任劳任怨[未来有你_走了][未来有你_走了][未来有你_走了],27天前发布
1415,他公平。,27天前发布
1416,“二舅”会不会也在某天夜里偷偷哭泣,27天前发布
1417,二舅：谁来治治我的精神内耗？??,27天前发布
1418,看到二舅，我陷入了精神内耗,27天前发布
1419,一个人被掐住脖子都快翻白眼了，专家都来会诊，有说用中医的，有说用西医的，有说跳大神的，就是没有松手的[热][热]（转）,27天前发布
1420,[doge][微笑][辣眼睛][滑稽][吃瓜],27天前发布
1421,可以上高中语文教材了,27天前发布
1422,后来呢 这个视频火了之后 二舅获得了什么,27天前发布
1423,祝大家都像二舅一样励志[给心心],27天前发布
1424,伟大出自平凡,27天前发布
1425,"其实，更希望二舅能在更多的位置上发挥更好的作用，绽放自己的人生。
看完总能想到自己和家人，我们在努力的生活着，其实是为了摆脱苦难，二舅没有说话，我不知道他觉不觉得苦，但是我觉得我仍在苦难中。
最近又看到说up在歌颂苦难，我不知道up是否有这个想法，我也不知道二舅是否觉得苦难，但是，全世界受苦的人，请起来斗争！",27天前发布
1426,他公平,27天前发布
1427,遗憾太多了，不如做不去后悔的人，做坚定自己的人。,27天前发布
1428,小人物的一生其实让人振聋发聩,27天前发布
1429,任凭大雪封山，鸟兽藏迹，只要心中有火种，就能驱赶严寒，带来光明和温暖。,27天前发布
1430,平凡的世界,27天前发布
1431,希望两老不要被一些无聊人打破该有的宁静的生活,27天前发布
1432,来b站三天，说的道理治好了我的精神内耗??,27天前发布
1433,二舅精神 值得学习！,27天前发布
1434,我觉得我的爷爷也该有如此的文案，他的一生也是丰富多彩，可他却甘为普通度过他的后半生[大哭]可惜今年三月中旬他走了。,27天前发布
1435,为什么币比赞多，我不理解[doge],27天前发布
1436,你精神内耗治好了，二舅的苦难谁来治呢????,27天前发布
1437,不是很能理解，看完能治好你啥精神内耗啦？老一辈的奋斗就是让后辈们艰苦奋斗，不再受老一辈的苦，到你这就开始赞美苦难了，别人的伤疤苦难被你拿来侃侃而谈，我就一句话，苦难本就不光彩，谁也不乐意吃苦受苦，整个视频二舅一句话也没有，更像你写了一篇小作文罢了[呲牙],27天前发布
1438,一个善良、聪明、勤劳、乐观的人为什么会遭受这么多苦难？还有那些并不聪明的更加普通的人又是怎么样生活着呢？,27天前发布
1439,希望大家都能成为二舅[给心心][给心心],27天前发布
1440,一口气看完了您的所有作品,27天前发布
1441,“所有的苦都是人生的财富，但如果有的选，我选择不吃苦”,27天前发布
1442,视频收益能分给二舅一点吗??????,27天前发布
1443,"如果最后一部分改成二舅的独白会好不少
强行升华主题，那这只是一篇高分作文罢了[微笑]",27天前发布
1444,希望大家都能都二舅的精神,27天前发布
1445,绝了,27天前发布
1446,考试必记明年感觉会出[脱单doge],27天前发布
1447,任何困难都会向进取者低头。,27天前发布
1448,"二舅们的负重前行

都是因为二伯三伯们骑在他们头上岁月静好！",27天前发布
1449,回鞍山三天，米洛治好了我的阿黑路西,27天前发布
1450,二舅的苦难你感同身受，大伯的快乐你想象不来[给心心],27天前发布
1451,回村三天，闰土治好了我的精神内耗[OK],27天前发布
1452,祝二舅接下来的每一天都开心[爱心],27天前发布
1453,故事写的不错，电影拍的很好,27天前发布
1454,风口浪尖,27天前发布
1455,有一点点想不明白[大哭]为什么二舅放弃了读书这条路，老师来劝学但是二舅也没去（确实会有一定时代局限性，但是我还是想不明白，腿不好了但是也还是可以读书，但是可能困难重重？,27天前发布
1456,回村三天，二舅加重了我的精神内耗,27天前发布
1457,彻头彻尾自我催眠式的精神鸦片,27天前发布
1458,??????,27天前发布
1459,虽然看不懂 但是跟风投个币点个赞吧,27天前发布
1460,【他说-哔哩哔哩】 https://b23.tv/BI4YCpK,27天前发布
1461,评论的风向忽然大变？,27天前发布
1462,其实，每个人只是过自己的人生，也只能过自己的人生,27天前发布
1463,而我已经分不清你是友情，还是错过的爱情,27天前发布
1464,愿我们多一点一往无前的勇气，少一点莫名的精神内耗。,27天前发布
1465,"你知道当时的后浪吗？
那个视频和你的视频是亲兄弟。",27天前发布
1466,如果吃苦是福，那我祝你福如东海,27天前发布
1467,觉醒三轮，华佗让我发动不了技能英魂,27天前发布
1468,居高临下的视角,27天前发布
1469,看的我哭的稀里哗啦,27天前发布
1470,"一开始，二舅的故事和他的心态，让我想他是不是一个情感缺失的人。
但是后来，我想，二舅应该也曾会在天井里观天的时候，默默地将他的遗憾与愁绪，像一缕烟般散开。
看不见，却每时每刻，都有那让人感到悲伤的空气。",27天前发布
1471,我想:-D,27天前发布
1472,去，看看鲁迅先生《漫与》的最后两段，有的文学让人们在苦难中麻醉自己，有的文学教人们保持清醒并批判的精神。,27天前发布
1473,保护好二舅和姥姥。,27天前发布
1474,@吻文_zmj 看看 挺好,27天前发布
1475,【拒绝苦难：静音的无产阶级生存境况与没台词的二舅-哔哩哔哩】 https://b23.tv/rvTBBe8,27天前发布
1476,所以怎么治好精神内耗呢？,27天前发布
1477,超豪华ok. 我家之前的家具也贴了这个,27天前发布
1478,..,27天前发布
1479,这种文案意林上一大把,27天前发布
1480,"[微笑][微笑]
几日全网说二舅
多少往事忍回头
懵懂半百别微醉
福祸一对参优悠
常看人间真善美
不听满耳风马牛
我命由我我由谁
东来岁月西来流
[爱心][爱心][爱心][保佑][保佑][保佑]",27天前发布
1481,不觉得治愈了什么，只觉得难过和荒唐。如果我所爱的人真的被庸医治残，真的有才而不得展，我只会为他感到不公，难过和生气，一点也不觉得他多伟大多酷。,27天前发布
1482,看到up主的二舅，我总是想到我的父亲。如果不是当年高考的名额被顶替，他现在或许能意气风发的在教室里授课，而不是风雨无阻的在工地上干活吧。你看，人与人的命运就是这么不同，可我们又无力去改变什么，无非只能在深夜哀叹，辗转难眠之后继续着日复一日的生活,27天前发布
1483,"因平凡而伟大，因平凡而不凡，因伟大而又平凡。
小人物，实生活，大智慧。
敬二舅。",27天前发布
1484,"[微笑][微笑]
几日全网说二舅
多少往事忍回头
懵懂半百别微醉
福祸一对参优悠
常看人间真善美
不听满耳风马牛
我命由我我由谁
东来岁月西来流
[爱心][爱心][爱心][保佑][保佑][保佑]",27天前发布
1485,制作精良的毒鸡汤,27天前发布
1486,真的像是一篇文章,27天前发布
1487,行了，该干活，干活，该摆摆，我没有这么高的远见,27天前发布
1488,人生,27天前发布
1489,听奶奶讲爷爷，十里八村有名的木匠，可惜在我爸十八岁左右的时候，爷爷没了，好不夸张的讲，如果他还在，我家就是当时的小康家庭,27天前发布
1490,https://bml.bilibili.com https://creator.bilibili.com,27天前发布
1491,"[微笑][微笑]
几日全网说二舅
多少往事忍回头
懵懂半百别微醉
福祸一对参优悠
常看人间真善美
不听满耳风马牛
我命由我我由谁
东来岁月西来流
【合十】【合十】【合十】【福】【福】【福】",27天前发布
1492,看到二舅我抑郁了,27天前发布
1493,好文案,27天前发布
1494,"才两个星期找不到工作, 我tm竟然有点失落...",27天前发布
1495,致敬二舅,27天前发布
1496,按时间，。。原来不止我一个看的不舒服,27天前发布
1497,赤裸裸的妥协与屈服。,27天前发布
1498,那《活着》应该不是余华写得好，是富贵活得好[呲牙][呲牙],27天前发布
1499,回村三天，闰土治好了我的精神内耗。,27天前发布
1500,"别看了兄弟们,去打灰了",27天前发布
1501,[脸红]评论都给你删完了，我看啥啊,27天前发布
1502,想问下质疑的评论是被删了么,27天前发布
1503,生活依旧很美好,27天前发布
1504,希望大家都成为二舅一样的人[给心心],27天前发布
1505,回村三天，闰土治好了我的精神内耗[妙啊],27天前发布
1506,啥是精神内耗？,27天前发布
1507,现在还有3.5万人在看[微笑],27天前发布
1508,日子该过就过，别总想感动下自己[星瞳_流汗],27天前发布
1509,哭死,27天前发布
1510,文案太赞了??,27天前发布
1511,一个人被掐住脖子都快翻白眼了，专家都来会诊，有说用中医的，有说用西医的，有说跳大神的，就是没有松手的[热][热],27天前发布
1512,二舅的故事不是为了让我们看到那些藏在社会背后的苦难，而是在看清这个世界后依然坚定地热爱和拥抱这个世界。我们都不完美，但可以在有限的生命里成为自己的最完美,27天前发布
1513,无敌的人不一定在光里,27天前发布
1514,作者居高临下的角度带来的自我感动，并不是治好了你的内耗，而是你消耗，或者说消费二舅生活中的苦难，内容输出却仅仅是空洞的正能量口号。被二舅乐观所粉饰的痛苦却无人关注，生活固然有好的一面，但二舅的苦难却成为网友茶余饭后的谈资。所有人都在以自己的角度去看二舅，感叹者积极向上的正能量，却没有人站在二舅的角度去看待这一生，二舅真的没有遗憾过去吗，只不过作为长辈只能这样乐观的对你说了，充满了无奈与寂寞。我不知道，我也没办法，我只能关闭了视频。不知道二舅会不会怀念热腾腾的饭菜和在家等候他的女人。,27天前发布
1515,来想继续删，大不了删人。,27天前发布
1516,最后这个回头好绝啊！,27天前发布
1517,余华 的《活着》里有一段话：「永远不要相信苦难是值得的苦难就是苦难苦难不会带来成功苦难不值得追求磨练意志是因为苦难无法躲开」,27天前发布
1518,唉,27天前发布
1519,这也能治精神内耗啊 太亏贼了哥们 我的境界不够了。就是说明天六点半上班还是太晚了 五点就打算去受难,27天前发布
1520,有人质疑二舅年龄问题 请问up主二舅哪年生的？,27天前发布
1521,看见这个视频是我的幸运。,27天前发布
1522,阿Q精神,27天前发布
1523,上帝打了个喷嚏 凡间有了一个“歪”人 走了段崎岖的路 平凡的心 乐观的过 从当初的不甘不认输 到放下看透 再到找到自己的乐趣 看到自己的价值所在 是比所有的迷惘都可贵 智者不争 仁者不责 善者不评 二舅不懂几个字 确活得明白 真实的不争 不责 不评[捂脸],27天前发布
1524,世间浮华迷人眼，守得住现在留得住未来。我们生在一个好的时代，但是遗憾与机遇仿佛就是注定了的。你失去了学习的机会，但他肯定可能还会以另一种方式来到你身边。,27天前发布
1525,二舅的人生如同一曲壮丽的悲歌，却婉转着愉悦的琴声，相互矛盾的个体却碰撞出治愈心灵的水花,27天前发布
1526,二舅治好你的精神内耗，但是治不好整个社会的深度内卷,27天前发布
1527,非常好故事????,27天前发布
1528,敬二舅！,27天前发布
1529,我觉得当时二舅的老师在喊他去上学的时候他该去的，但也可能他年少时太骄傲没办法突然接受这突发的变故（当然很少有人能立马振作）但二舅也在时间的流逝里振作了，所以他才会把自己的日子过好，这已经很厉害了，我觉得这也能告诉我无论任何时候都不能放弃，要振作，因为不知道什么时候就把机会流逝掉。,27天前发布
1530,人间有味是清欢。如二舅一般，得志，与民由之，不得志，独行其道。如二舅一般，即使生不逢时，也要下定决心，排除万难，去争取胜利。如二舅一般，不回头看，恬淡自得的过好这一生。总有人要为时代的错误买单，那为什么不乐观豁达的面对呢，二舅就是这样，默默践行着自己的信念，令我感触颇深的一句话是“小孩是小，不是瞎。”这让我想起了儿时母亲的教诲….唉 人间有味真的就是清欢。,27天前发布
1531,看了好几遍，就莫名看不够,27天前发布
1532,短短10分钟，看完别人的一生,27天前发布
1533,阅,27天前发布
1534,敬二舅,27天前发布
1535,二舅是伟大的，而我们的使命，就是不要再让二舅出现了。,27天前发布
1536,手一滑好像点了不喜欢观看[酸了][酸了][酸了][大哭][大哭][大哭]对不起！二舅！真的喜欢您！[拥抱][拥抱],27天前发布
1537,致敬二舅,27天前发布
1538,芝麻仁真搞笑,27天前发布
1539,这么优秀的文案，不带货可惜了,27天前发布
1540,"一个了不起又平凡的人，一个了不起又平凡的故事
通篇只有一点看的我不太舒服，我觉得这根本就不叫精神内耗，这叫精神外耗",27天前发布
1541,他自己并不像旁观者眼中那样地绝望，他没有感到绝望已经洞穿了他。他觉得在这世界上，他一定要生根的。要长得牢牢的。他不管他自己有这份能力没有，他看看别人也都是这样做的，他觉得他也应该这样做。于是他照常地活在世界上，他照常地负着他那份责任。,27天前发布
1542,真正的正能量不是去美化苦难，把苦难合理化，而是要认识到这个世界其实可以变的更好。,27天前发布
1543,二舅的精神是不能从小布尔乔亚的社会达尔文主义解释的。1949那个年代，为人民服务，从而一切产生乐观精神，都是在尊重劳动者的生产条件下客观的，理性的产物,27天前发布
1544,二舅人生的长歌,27天前发布
1545,原来是贵南,27天前发布
1546,故事很好，能不能再给我讲一个[给心心],27天前发布
1547,敬人生,27天前发布
1548,下定决心 不怕牺牲 排除万难 去争取胜利。,27天前发布
1549,漫漫人世间，每个人都有一段故事,27天前发布
1550,这个视频发出来的目的是什么呢，是告诉我们乐观面对苦难还是告诉我们不要对黑暗的生活失去光彩了,27天前发布
1551,我也有一个二舅，一个纯朴的农民，他的一生只有种地，放牛，每天起早贪黑的干活，就如被上紧的发条，从来没有停下过！,27天前发布
1552,发布三天仍有3.5w+的人在观看,27天前发布
1553,二舅和姥姥散步那段直接泪崩了,27天前发布
1554,他公平！孩子们在外面受了委屈会第一时间想到找家长，大人们在外面受了委屈会第一时间想到他！人民万岁！人民万岁！人民万岁！,27天前发布
1555,清末如果人人都像二舅，慈禧能笑死，鲁迅能气死,27天前发布
1556,让我想起了路遥的《平凡的世界》，孙少平和孙少安的晚年大抵也应给是这样的。可敬的是，我在二舅身上看到了这两个人的影子。,27天前发布
1557,是生动鲜活的生命,27天前发布
1558,这是唯一一个我边看视频边看进度条，怕结束,27天前发布
1559,那个庸医到底坑了多少人？,27天前发布
1560,只会接受，不会反抗，默默无闻，但是却苦痛非常，就只能这么“心甘情愿”下去是吧？,27天前发布
1561,明明就是苦难，可以励志，但这不是二舅该承受的。,27天前发布
1562,其实只能说二舅这样还仍然的生活态度好，让人敬佩，但这种生活不能用酷吧，要是有选择，谁也不想这样活一辈子，二舅火了，希望可以借此改善一下生活吧,27天前发布
1563,551万投币，简直逆天了,27天前发布
1564,真黑啊[嗑瓜子],27天前发布
1565,人生本平凡，幸运多无奈！,27天前发布
1566,满分文案,27天前发布
1567,二舅生活这么困难为啥只有他在独自照顾姥姥？up主的妈和姨呢？,27天前发布
1568,苦難  testing,27天前发布
1569,分享上海乐团管弦乐团与合唱团的单曲《义勇军进行曲 ─ 中华人民共和国国歌 合唱版》:?https://y.music.163.com/m/song?id=5275429&amp;uct=HFlGsi4cQCZf6bKdQ1tYFg%3D%3D&amp;dlt=0846&amp;app_version=8.7.96&amp;sc=wmv&amp;tn=?(来自@网易云音乐),27天前发布
1570,我请问，想问他二舅是哪里的人？,27天前发布
1571,"上午得了癌症，下午怎么办。
下午上班呢，毕竟才请了半天假。",27天前发布
1572,时代的缩影，敬二舅,27天前发布
1573,继续用assassin&#39;s tango 为背景音乐拍任何你想拍的视频吧！,27天前发布
1574,危险了,27天前发布
1575,感谢你的分享,27天前发布
1576,终于看懂了，致敬，为人民,27天前发布
1577,以前一直觉得我能平凡的过完这一生好了，总该允许有些人不想优秀吧。现在好了，我平等的讨厌这个世界上的所有，我应该等待一个平静的一天然后安静死去??,27天前发布
1578,看了两遍，朋友圈一遍，B站一遍，每次看都有感动:二舅活出了他的样子，在我看来他就是一个王者!作者平铺直叙，也是真的强悍！这么多情节，这么多语言，得花费多少心思才拼的出来，牛????,27天前发布
1579,火大无烟，水顺无声，人之情苦至极者无语。,27天前发布
1580,他谁？谁给我解释一下,27天前发布
1581,"第一快乐的人是不需要对别人负责的
第二快乐的人是从不回头看的人
第二快乐才是真的快乐~
我悟了！",27天前发布
1582,@-土豆丝炒土豆片- [保卫萝卜_哭哭],27天前发布
1583,https://b23.tv/09coLcC,27天前发布
1584,命运而言，休论公道。,27天前发布
1585,@卦者灵风 [doge],27天前发布
1586,苦难,27天前发布
1587,二舅花了十几万给他捡的孩子买了一套房子，虽然花了二舅半辈子积蓄，但二舅非常开心,27天前发布
1588,希望真正领会内涵所在，也希望这个视频产生的影响能久一点，在大家心里留下痕迹。期待更多高质量视频出现,27天前发布
1589,朴实无华的文字却让人感动，致敬二舅，不向生命妥协的平凡人,27天前发布
1590,火啊？为什么不火？,27天前发布
1591,0治愈，南chang周公子才可以治愈[脱单doge],27天前发布
1592,像是看了一部纪录片，热泪盈眶，平凡而伟大[微笑],27天前发布
1593,第二遍看还是哭了[tv_笑哭],27天前发布
1594,回村三天，闰土治好了我的精神内耗,27天前发布
1595,不要忘记义勇军进行曲的第一句,27天前发布
1596,专门来刷苦难的动画小人不是很友好捏[星瞳_流汗],27天前发布
1597,让我来看看五百万投币的视频什么样[脱单doge][脱单doge],27天前发布
1598,苦难,27天前发布
1599,把苦难的一生摆到你的面前，歌颂它，赞扬它，让你接受它，这是最大的残忍,27天前发布
1600,为啥我的：回村三天，闰土治好了你的精神内耗。没有人看？闰土不配吗[大哭],27天前发布
1601,我知道我会刷到,27天前发布
1602,这个视频给了我一种....嗯....对了真实感就是那种我能够完全体会到认得那种感情,27天前发布
1603,天才老头,27天前发布
1604,文案有汪老之遗风,27天前发布
1605,二舅治好了我们的精神内耗，谁来治好二舅。[微笑],27天前发布
1606,苦难,27天前发布
1607,"我一直觉得，用二十岁的眼睛去看这黄昏的生命，大概是很难品明白苦难的成色的。

即便真正明白了什么是苦难，那么，没有遗憾的人生，又有什么能维持的住所谓心执？",27天前发布
1608,【《楚门的世界》 给世界直播私生活-哔哩哔哩电影】https://b23.tv/ep250583,27天前发布
1609,"生活值得被热爱       
生命值得被尊敬
平凡而不平庸的人生",27天前发布
1610,苦难,27天前发布
1611,这是一个人平凡却又波澜壮阔的一生啊。,27天前发布
1612,苦难依旧，你愿意接受，那就受着呗,27天前发布
1613,@嘉然给你一拳,27天前发布
1614,说着二舅的苦，却不思考二舅的生活为什么这么苦，也不去思考如何帮助更多的二舅，这种通过消费他人苦来满足自己的行为，是更加龌龊和肮脏的。任何在那个视频得到满足的人都该反省!,27天前发布
1615,毒鸡汤啊,27天前发布
1616,这是否有、,27天前发布
1617,赤脚医生手册据说是神书啊！,27天前发布
1618,苦难,27天前发布
1619,有一个类似二舅的父亲。一直记得父亲的笔记本的一句话:世上无难事，只要肯登攀！,27天前发布
1620,敬二舅,27天前发布
1621,二舅治不好了我的精神内耗，正处级大伯可以,27天前发布
1622,????,27天前发布
1623,不让打出苦难两个字，难道在侮辱中国文化？,27天前发布
1624,苦难,27天前发布
1625,鲁迅《回乡三天，闰土治好了我的精神内耗》,27天前发布
1626,敬二舅,27天前发布
1627,按时间查看的彦祖，相信自己的感受，你没有问题[OK],27天前发布
1628,6688好酷啊[给心心],27天前发布
1629,苦难为什么不让发啊要打拼音,27天前发布
1630,我爷爷是个木匠，也是住个拐杖，家里的家具几乎都是他做的，村里人也时常找他帮忙，可惜在我小学时就不在了。看到这个视频想起了他，感觉他和他好像，平凡的伟大,27天前发布
1631,想起了余华的活着,27天前发布
1632,曹贼,27天前发布
1633,“二舅”这状态不就最符合资本家对工人的要求，讲奉献，讲牺牲，只要努力精神富足，能吃饱不饿就行了，别追求那么多，欲望可以有，但别那么大。二舅是值得尊敬的，造成二舅还有给人们灌鸡汤接受成为二舅的是要唾弃的。,27天前发布
1634,二舅治疗了你的内耗，那谁去治疗二舅呢?,27天前发布
1635,苦难,27天前发布
1636,获得了自我人生力量。,27天前发布
1637,实际上，这个视频每个人都有自己的理解，全看你自己看视频时的心境决定。,27天前发布
1638,也不必去职责那个四针扎没了二舅远大前程的医生 从两人再次的相遇就可以看出 二舅没有怪医生 医生本身也没有太过于自责 可能在那个时代 活着就已经很好了 像二舅这种情况的并不在少数 二舅没有考上大学 没有走出山村去往更广阔的天地 但谁又能说他经历的不是精彩而又伟大的一生呢 二舅说他这辈子 只能照顾好自己 可是 他撑起了小山村的一片天 这何等伟大 有一份光 发一份热 敬二舅,27天前发布
1639,只能说看了有0治愈吧,27天前发布
1640,@魄柒柒,27天前发布
1641,"悟已往之不谏，知来者之可追。
大家共勉。",27天前发布
1642,把你们村当成旅游景点得了，治治大家的精神内耗[微笑],27天前发布
1643,敬君,27天前发布
1644,感谢你这么用心去做这部超短的纪录片，不要在意那些自以为是的所谓“高知”说什么美化苦难，勇者就是勇者，不管世上有多少个二舅这样的人，他依然值得敬佩。苦难有时无法避免，但你能选择如何去活出自己的尊严，不是为了教别人如何去活，单纯表达自己的敬仰，都足够了,27天前发布
1645,绝了,27天前发布
1646,那就只好当做一件文学作品来看了，除了艺术方面，我实在无法评价更多。,27天前发布
1647,二舅…,27天前发布
1648,二舅，你超酷的!,27天前发布
1649,没啥用，日子该难过难过,27天前发布
1650,写评论有毒吧,27天前发布
1651,"这世界哪有那么多的平等
你只需要做的看开也也就罢了当做世界最好的安排，另一方面讲，别被困难打倒努力",27天前发布
1652,和用苦难激励人相比，想想怎么避免苦难或许更有意义,27天前发布
1653,多思考苦难是怎么来的，然后思考如何避开苦难[doge],27天前发布
1654,他一生都在认真的做事情,27天前发布
1655,然后呢，怎么就治好了精神内耗，大家回家问问自己的爸爸，爷爷，太爷爷，说不定他们的一生故事更多[微笑],27天前发布
1656,现实版的“活着”，真实而平凡，但就是这样真实的二舅，让人仿佛看到这“短短的一生”的缩影,27天前发布
1657,以逸事误益世[热词系列_可以],27天前发布
1658,我爸发到家族群里，专门让我们看看,27天前发布
1659,"【拜年纪2022_火了】AuAg里的歌词：首先摇摇晃晃___,再用（）",27天前发布
1660,这个文章投哪个报纸都是明珠暗投，唯有配视频刚刚好,27天前发布
1661,"永远不要相信kunan是值得的。kunan就是kunan,kunan不会带来成功。kunan不值得追求。磨练意志是因为kunan无法躲避开。
——余华《活着》",27天前发布
1662,“二舅”这状态不就最符合资本家对工人的要求，讲奉献，讲牺牲，只要努力精神富足，能吃饱不饿就行了，别追求那么多，欲望可以有，但别那么大。二舅是值得尊敬的，造成二舅还有给人们灌鸡汤接受成为二舅的是要唾弃的。,27天前发布
1663,有点像反串,27天前发布
1664,天行健，君子以自强不息！,27天前发布
1665,看到官媒大力推荐，我大概就明白做这个视频的用意了,27天前发布
1666,要什么样的结局才配得上这一路的坎坷不平,27天前发布
1667,如果能选择，谁都想成为周公子,27天前发布
1668,【拜年纪2022_火了】,27天前发布
1669,@Naxer彩六,27天前发布
1670,苦难不值得歌颂，人肯定是有美好生活的追求的。这个视频可能是想让人看开生活中的不公，让人觉得反正都是生老病死，那自己和某些人不也没什么区别。但是人是有生活过程的，大家都不希望苦难降临到自己身上，如果每个人都对生活中的不公无所谓的话，只会有越来越多的人陷入苦难。,27天前发布
1671,哎嗨嗨嗨鸡汤来咯[惊喜],27天前发布
1672,有的人活着，有的人死了，有的人死了，他还活着。,27天前发布
1673,《回下北泽114天 先辈治好了我514天的精神内耗》,27天前发布
1674,红了哪来这么多莫名其妙的言论，up主做视频的时候哪想的那么多，主题不就是让大家在环境无法改变的时候不要自暴自弃消极生活吗，完全没懂跟制度能扯上什么关系，给视频冠上什么名头都是媒体的事，真的是一直被媒体牵着走，鸡汤是鸡汤，但只要你是被二舅的精神所感动，不是因为从别人的苦难中找优越感就是一碗好鸡汤。,27天前发布
1675,是的 所以二舅一辈子没从大山里走出去,27天前发布
1676,一个高大上的励志视频，抹杀了一个人一生的苦难。仿佛一切轻描淡写,27天前发布
1677,时代的时代，平凡的平凡,27天前发布
1678,"转自知乎：
他们自己成了大伯，衣食无忧。
却想让我们当二舅，接受现实。",27天前发布
1679,结尾升华,27天前发布
1680,平凡又伟大,27天前发布
1681,我们应当思考造成这种苦难的根源，而不是强迫我们苦中作乐。,27天前发布
1682,[委屈],27天前发布
1683,慕名而来,27天前发布
1684,鲁迅:回村三天，闰土治好了我的精神内耗,27天前发布
1685,全能战士[doge],27天前发布
1686,博主，这啥地方？是晋南吗？,27天前发布
1687,还要多少二舅?,27天前发布
1688,哪是二舅啊，这是新中国史啊,27天前发布
1689,[热词系列_泪目]@抱紧阿樊@无钙BAE,27天前发布
1690,看了不是很有波澜，实话,27天前发布
1691,回京三天，祥子治好了我的内耗。,27天前发布
1692,精神内耗没解决，感觉我精神压抑了,27天前发布
1693,这不是文案，是千万上一代中国农民的写实。,27天前发布
1694,永远不要相信是值得的。苦难就是苦难，苦难不会带来成功。苦难不值得追求。磨练意志是因为苦难无法躲避开。——余华《活着》,27天前发布
1695,原来说的是你二舅啊 我还以为是耶稣呢,27天前发布
1696,"无论是支持还是批判，切忌喊口号。
这并不是一句“敬二舅”或是“赞美苦难？”能概括的视频。",27天前发布
1697,这种乐观的精神，值得你我共勉,27天前发布
1698,鲁迅描述苦难的终极目的永远不是歌颂受苦者本身的乐观，相反，对于苦难者，鲁迅多是持悲哀和同情的观点。,27天前发布
1699,@缘里a 不知道该怎么描述，就是很厉害,27天前发布
1700,希望我的人生也能普通但有着平凡的伟大[给心心],27天前发布
1701,世事不予温柔一份善意,27天前发布
1702,原来是唐浩老师！！！,27天前发布
1703,敬二舅,27天前发布
1704,"我看完没有丝毫感受到励志或者被治好精神内耗。相反我感到很可悲。我觉得文案在用轻浮的自以为是的幽默态度淡化二舅的苦难，我不喜欢你传达出的“面对苦难二舅欣欣然扬起了笑脸”的态度。你看到午夜二舅独自掉落了多少眼泪吗？
up用摄影剪辑和文案强行治好了自己的“精神内耗”。",27天前发布
1705,所以up长大了才知道自己有个传奇二舅？,27天前发布
1706,对我的触动很大，谢谢这么优秀的作品,27天前发布
1707,好人一生平安！,27天前发布
1708,苦难,27天前发布
1709,平凡的伟大,27天前发布
1710,看了真的内心触动很大，一股难言的情绪涌在心头[大哭],27天前发布
1711,加油,27天前发布
1712,苦难是最不值得歌颂的。看到别人过得惨能治好你的精神内耗是吧??,27天前发布
1713,二舅治好了大家的白嫖症[doge],27天前发布
1714,美化苦难，其心可诛,27天前发布
1715,这个视频不好的一点是没说“本故事纯属虚构”，完全去用自己的语言去描述他人是不对的，我觉得应该让二舅参与，而不是只看up在那自说自的,27天前发布
1716,视频看了两遍，感谢二舅同样治好了我的精神内耗，敬二舅，敬自己。,27天前发布
1717,经历过学前教育3年、小学6年、中学6年，大学至少4年的人会想成为二舅吗？站在这个角度，三和大神都比二舅幸运。,27天前发布
1718,只能说跟活着有异曲同工之妙吧,27天前发布
1719,这种视频 真的很无聊,27天前发布
1720,为什么会哭啊，真的不理解,27天前发布
1721,看了别人的苦难来治愈自己的精神内耗,27天前发布
1722,这……菜都齐了怎么还不吃啊？[doge],27天前发布
1723,人红是非多,27天前发布
1724,"是色彩缤纷的生命力，是坚韧的人生哲学。 突然想起18年我的那场需要自我消逝的苦难，与这位二舅相比，不过沧海一粟。

所以呀，能够保持坚韧生长的力量真的很难，但很必要，我为之努力。",27天前发布
1725,苦难啊,27天前发布
1726,视频里面的“二舅”这状态不就最符合资本家对工人的要求，讲奉献，讲牺牲，只要努力精神富足，能吃饱不饿就行了，别追求那么多，欲望可以有，但别那么大。二舅是值得尊敬的，造成二舅还有给人们灌鸡汤接受成为二舅的是要唾弃的。,27天前发布
1727,二舅的故事,27天前发布
1728,"朋友们，我发现要发“kunan”,不要发文字版，不然……",27天前发布
1729,这个二舅是不是计算机做的建模,27天前发布
1730,赞美二舅是为了麻醉更多二舅，让更多二舅产生自我感动，从而对身上苦难的认知进行升华和自我安慰。这在当下非常重要，是安抚时代的情绪。二舅越多，周劼才能越好。,27天前发布
1731,"转自网友评论；
警惕一下，这个视频带来的群体性舆论共情，本质是一种精神PUA!
它是个专业的团队，在消费主义盛行的时代，打造的迎合年轻人的精神消费品，全片刻意隐去对年轻人“精神内耗”成因的分析，通过上个时代的“二舅”的人生轨迹，给如今的年轻人带来一种“人生共情”，这种共情是条件不对等的、软弱的、虚无的，带着小布尔乔亚的妥协。
很多人被网络情绪有意无意地带入这种共情之后，陷入“我的精神内耗是我不够坚强、不够豁达、不够努力”的思维怪圈，看不清造成群体性精神内耗的真正原因，遇事不看外部环境是否公平，先思考自己是不是能力有问题、是不是不够努力，陷入自我否定、自我反思的地步，这是什么？这是社会性的PUA。
这个视频最有价值的其实是“二舅”在日记里摘抄的这句话:“排除万难，争取胜利”，这是一种斗争术语，那么当代年轻人的斗争对象是谁呢？思考清楚这一点，才能真正消灭精神内耗。",27天前发布
1732,真正厉害的人，无论做什么事情都会很厉害。[给心心],27天前发布
1733,二舅制造假冒家具,27天前发布
1734,这个视频一大半都是文学创作吧，为什么会有人信以为真呢,27天前发布
1735,有什么好看的[哈欠]还几千万播放[辣眼睛],27天前发布
1736,手欠点进了这个视频，把爷气了一天！！！[tv_发怒][tv_发怒],27天前发布
1737,苦难就是苦难，不值得被歌颂,27天前发布
1738,能让二舅自己出来说句话吗？,27天前发布
1739,看到有评论说，二舅的腿可能会治好，农村患者就医难的无奈，医疗资源难以普及下沉，以前的大环境可以用一句“算了”，现在呢，医疗的gaige真是任重道远。,27天前发布
1740,二舅从不回头看，所以快乐。我要向前看，所以焦虑。,27天前发布
1741,我们不是歌颂苦难，而是被在苦难显化下更加美好强大的品格所震撼,27天前发布
1742,怎么跟作文一样,27天前发布
1743,啊哈哈哈，鸡汤来咯,27天前发布
1744,希望up成为二舅一样经历的人，还乐观的人,27天前发布
1745,永远不要相信kunan是值得的。kunan就是苦难，kunan不会带来成功。kunan不值得追求。磨练意志是因为kunan无法躲避开。——余华《活着》,27天前发布
1746,视频里面的“二舅”这状态不就最符合资本家对工人的要求，讲奉献，讲牺牲，只要努力精神富足，能吃饱不饿就行了，别追求那么多，欲望可以有，但别那么大。二舅是值得尊敬的，造成二舅还有给人们灌鸡汤接受成为二舅的是要唾弃的。,27天前发布
1747,可以拍一部电影了[呲牙],27天前发布
1748,一碗毒鸡汤,27天前发布
1749,要是写颁奖词该怎么写呢,27天前发布
1750,@为这破站干杯 [保卫萝卜_哭哭],27天前发布
1751,敬二舅,27天前发布
1752,牛哇牛哇[大哭],27天前发布
1753,悲剧不会是值得宣传的,27天前发布
1754,回村三天，闰土治好了我的精神内耗,27天前发布
1755,"整部片子二舅都没法发声，被叙述者无情的言说。叙述者极力把二舅的苦难向看客兜售，好让四肢健全的他们对自己感到羞愧，从而更加出卖自己的力气，而完全非历史性地忽视创造苦难的环境。
66岁的人照顾80岁的人这真的“很酷”吗？",27天前发布
1756,经历便是意义,27天前发布
1757,看完了，所以什么是精神内耗？,27天前发布
1758,关山难越，谁悲失路之人。萍水相逢，尽是他乡之客,27天前发布
1759,泪目,27天前发布
1760,你也是别人眼中的“二舅”,27天前发布
1761,[给心心][给心心][给心心][给心心][给心心][给心心][给心心][给心心][给心心][给心心][给心心],27天前发布
1762,我在博尔特家住几天能让我短跑变快嘛,27天前发布
1763,回村三天，闰土治好了我的精神内耗[给心心][给心心],27天前发布
1764,“前已无通路，后不见归途”———《十万嬉皮》,27天前发布
1765,导演确定不是贾樟柯[喜极而泣][喜极而泣][奸笑],27天前发布
1766,@雪弥无音痛,27天前发布
1767,这个视频很短，同时这个视频又很长。,27天前发布
1768,从今愿苦难能一直跟随歌颂苦难的人[保佑],27天前发布
1769,这些币是多少钱,27天前发布
1770,想起来了我爸，或许我也可以抽个时间好好听一下他的过去,27天前发布
1771,希望作者活的和二舅一样好,27天前发布
1772,歌颂苦难是吧，为什么我要当二舅，当然是因为有人替我岁月静好,27天前发布
1773,新武训传,27天前发布
1774,突然想起来语文老师给我们讲的一句话：每个人的一生都是平凡的，我们能过好这平凡的一生就是很了不起。,27天前发布
1775,有人为女儿买个农村房就竭尽全力，有人二十多套房还喝二十多万茶叶活的乐观向上,27天前发布
1776,又看了一遍，才发现三连早了[微笑],27天前发布
1777,"转自知乎：
他们自己成了大伯，衣食无忧。
却想让我们当二舅，接受现实。",27天前发布
1778,好消息，评论删不过来了开始降热度了。我这边显示这个视频已经降到第五名了[吃瓜],27天前发布
1779,"转自网友评论；
警惕一下，这个视频带来的群体性舆论共情，本质是一种精神PUA!
它是个专业的团队，在消费主义盛行的时代，打造的迎合年轻人的精神消费品，全片刻意隐去对年轻人“精神内耗”成因的分析，通过上个时代的“二舅”的人生轨迹，给如今的年轻人带来一种“人生共情”，这种共情是条件不对等的、软弱的、虚无的，带着小布尔乔亚的妥协。
很多人被网络情绪有意无意地带入这种共情之后，陷入“我的精神内耗是我不够坚强、不够豁达、不够努力”的思维怪圈，看不清造成群体性精神内耗的真正原因，遇事不看外部环境是否公平，先思考自己是不是能力有问题、是不是不够努力，陷入自我否定、自我反思的地步，这是什么？这是社会性的PUA。
这个视频最有价值的其实是“二舅”在日记里摘抄的这句话:“排除万难，争取胜利”，这是一种斗争术语，那么当代年轻人的斗争对象是谁呢？思考清楚这一点，才能真正消灭精神内耗。",27天前发布
1780,泪目了，一直在遗憾过去的遗憾,27天前发布
1781,这点赞和投币应该是历史上最高的吧,27天前发布
1782,二舅[抱拳][抱拳][抱拳],27天前发布
1783,怎么跟大伯说话呢，快学学你二舅！,27天前发布
1784,希望在这个时代，少一点“二舅”，多一点“精神内耗”吧,27天前发布
1785,其实农村里有挺多二舅的,27天前发布
1786,不平凡的平凡人,27天前发布
1787,回京三天，卖炭翁治好了我的精神内耗,27天前发布
1788,阳光普照[星星眼][星星眼][星星眼][星星眼],27天前发布
1789,几十年的苦难被你这样轻描淡写地冠以乐观精神？？？如此卑微苦难的人生是多少人想要的？？？,27天前发布
1790,有的人坚强乐观不代表他应该承受更多的苦难??,27天前发布
1791,为什么腿废了就不读书了？不更应该去读吗？[疑惑],27天前发布
1792,b站首页也刷到了[doge],27天前发布
1793,"不知道是不是我的理解能力不够，反复拉了好几次进度条才看懂一点（感觉看懂的话很累）
up主将二舅的生活从过去到现在叙述了一遍，简单来说就是二舅从没有放弃过，身残志坚（我的理解）
文章确实出色，但立意不是太鲜明（可能是想让观众自己领会?）而且感觉有点不沾题，题目虽然写了“回村三天”，但up没有明确交代自己干了些什么（可能是与二舅叙旧，回村探亲……）
在up主所描写下的二舅确实令人敬佩，但改变了“精神内耗”我倒觉得不至于，up也没太表明自己如何治好了自己的“精神内耗”（可能是我个人理解能力不够吧）
而对于“精神内耗”，我认为想要治好，并不是口头上说手不做，“精神内耗”说白了也就是想多了，如果对这个视频内容争议想太多，那就造成了精神内耗，不如将视频看完后就退出，不要太多想，只要干好自己眼前的事情就好啦（比如多刷题?）",27天前发布
1794,"推荐通知书
        尊敬的up主，您好，由于您的作品过于出色，现已于推荐页面可见，希望您的作品能做得更好。
                                       bilibili观众认证??",27天前发布
1795,歌颂苦难的人一定没经历过苦难,27天前发布
1796,现在医疗科技那么发达，二舅的腿能看好吗,27天前发布
1797,看完了 就一句话令我印象深刻-全市统考从农村收了三份试卷，其中一份就是我二舅的...,27天前发布
1798,"要想治好精神内耗
我们该做的不是成为二舅，而是让后来的人再也不会成为二舅那样的苦命人。",27天前发布
1799,[打call],27天前发布
1800,"转自网友评论；
警惕一下，这个视频带来的群体性舆论共情，本质是一种精神PUA!
它是个专业的团队，在消费主义盛行的时代，打造的迎合年轻人的精神消费品，全片刻意隐去对年轻人“精神内耗”成因的分析，通过上个时代的“二舅”的人生轨迹，给如今的年轻人带来一种“人生共情”，这种共情是条件不对等的、软弱的、虚无的，带着小布尔乔亚的妥协。
很多人被网络情绪有意无意地带入这种共情之后，陷入“我的精神内耗是我不够坚强、不够豁达、不够努力”的思维怪圈，看不清造成群体性精神内耗的真正原因，遇事不看外部环境是否公平，先思考自己是不是能力有问题、是不是不够努力，陷入自我否定、自我反思的地步，这是什么？这是社会性的PUA。
这个视频最有价值的其实是“二舅”在日记里摘抄的这句话:“排除万难，争取胜利”，这是一种斗争术语，那么当代年轻人的斗争对象是谁呢？思考清楚这一点，才能真正消灭精神内耗。",27天前发布
1801,好家伙，五分钟里的几十条评论再一刷剩下五分之一,27天前发布
1802,这几天被二舅刷屏了，里面有句话说得好，“这个世界上第一快乐的人是不需要对别人负责的人，比如树先生；第二快乐的人就是从不回头看的人。” 二舅属于第二种人，活得通透。,27天前发布
1803,哈哈哈，内什么，不说了，祥子要拉车去了??,27天前发布
1804,带泪的笑,27天前发布
1805,能看到我的评论的朋友们，建议倒着看评论。客观，清醒，冷静。,27天前发布
1806,如果有一天我们淹没在人群是因为我们没有努力活得丰盛,27天前发布
1807,到底是不遗憾，还是认命了呢？,27天前发布
1808,看哭了,27天前发布
1809,我想问一下，只有二舅照顾着姥姥吗？[哦呼],27天前发布
1810,@背着锄头去种地 @斯人w若彩虹,27天前发布
1811,赚这么多钱，二舅一定很开心吧[给心心],27天前发布
1812,甘于平凡的命运，热爱平凡中的自己。干了这碗鸡汤，明天继续干翻世界！,27天前发布
1813,按时间顺序看后，我懵了,27天前发布
1814,[微笑]他公平,27天前发布
1815,文案很好,27天前发布
1816,高桌子，低板凳，都是木头[doge],27天前发布
1817,二舅可能治不了我的精神内耗，但三千万可以,27天前发布
1818,独立思考很重要,27天前发布
1819,[保佑][保佑][保佑],27天前发布
1820,我敬佩二舅，但是我做不到他那样，我选的的是摆。,27天前发布
1821,平凡，充满着坚韧，正能量的传播，钦佩！致以敬意！,27天前发布
1822,恨自己读书少，不知如何描述内心所感。,27天前发布
1823,其实挺平通的，只是故事对于小孩们来说比较新奇，论质量和升华我认为康哟喂比这高了不少,27天前发布
1824,这是删了多少评论...刷一下一片就没了,27天前发布
1825,https://www.bilibili.com/video/BV1Ca411K7Gh,27天前发布
1826,"转自网友评论；
警惕一下，这个视频带来的群体性舆论共情，本质是一种精神PUA!
它是个专业的团队，在消费主义盛行的时代，打造的迎合年轻人的精神消费品，全片刻意隐去对年轻人“精神内耗”成因的分析，通过上个时代的“二舅”的人生轨迹，给如今的年轻人带来一种“人生共情”，这种共情是条件不对等的、软弱的、虚无的，带着小布尔乔亚的妥协。
很多人被网络情绪有意无意地带入这种共情之后，陷入“我的精神内耗是我不够坚强、不够豁达、不够努力”的思维怪圈，看不清造成群体性精神内耗的真正原因，遇事不看外部环境是否公平，先思考自己是不是能力有问题、是不是不够努力，陷入自我否定、自我反思的地步，这是什么？这是社会性的PUA。
这个视频最有价值的其实是“二舅”在日记里摘抄的这句话:“排除万难，争取胜利”，这是一种斗争术语，那么当代年轻人的斗争对象是谁呢？思考清楚这一点，才能真正消灭精神内耗。",27天前发布
1827,什么时候删我的捏[呲牙],27天前发布
1828,他公平！,27天前发布
1829,哈哈，up累吗[doge]，，，,27天前发布
1830,"转自网友评论；
警惕一下，这个视频带来的群体性舆论共情，本质是一种精神PUA!
它是个专业的团队，在消费主义盛行的时代，打造的迎合年轻人的精神消费品，全片刻意隐去对年轻人“精神内耗”成因的分析，通过上个时代的“二舅”的人生轨迹，给如今的年轻人带来一种“人生共情”，这种共情是条件不对等的、软弱的、虚无的，带着小布尔乔亚的妥协。
很多人被网络情绪有意无意地带入这种共情之后，陷入“我的精神内耗是我不够坚强、不够豁达、不够努力”的思维怪圈，看不清造成群体性精神内耗的真正原因，遇事不看外部环境是否公平，先思考自己是不是能力有问题、是不是不够努力，陷入自我否定、自我反思的地步，这是什么？这是社会性的PUA。
这个视频最有价值的其实是“二舅”在日记里摘抄的这句话:“排除万难，争取胜利”，这是一种斗争术语，那么当代年轻人的斗争对象是谁呢？思考清楚这一点，才能真正消灭精神内耗。",27天前发布
1831,视频里面的“二舅”这状态不就最符合资本家对工人的要求吗？讲奉献，讲牺牲，只要努力精神富足，能吃饱不饿就行了，别追求那么多，欲望可以有，但别那么大。二舅是值得尊敬的，但是造成二舅这种情况的人还有给人们灌鸡汤接受成为二舅的人是要唾弃的,27天前发布
1832,"转自网友评论；
警惕一下，这个视频带来的群体性舆论共情，本质是一种精神PUA!
它是个专业的团队，在消费主义盛行的时代，打造的迎合年轻人的精神消费品，全片刻意隐去对年轻人“精神内耗”成因的分析，通过上个时代的“二舅”的人生轨迹，给如今的年轻人带来一种“人生共情”，这种共情是条件不对等的、软弱的、虚无的，带着小布尔乔亚的妥协。
很多人被网络情绪有意无意地带入这种共情之后，陷入“我的精神内耗是我不够坚强、不够豁达、不够努力”的思维怪圈，看不清造成群体性精神内耗的真正原因，遇事不看外部环境是否公平，先思考自己是不是能力有问题、是不是不够努力，陷入自我否定、自我反思的地步，这是什么？这是社会性的PUA。
这个视频最有价值的其实是“二舅”在日记里摘抄的这句话:“排除万难，争取胜利”，这是一种斗争术语，那么当代年轻人的斗争对象是谁呢？思考清楚这一点，才能真正消灭精神内耗。",27天前发布
1833,“你们怎么办，只有天知道”,27天前发布
1834,这是一篇散文,27天前发布
1835,只有我觉得荒唐和残忍吗？,27天前发布
1836,好像在看一篇配了视频的高中课文，需要全文背诵的那种,27天前发布
1837,@NuMber-Liu,27天前发布
1838,[支持],27天前发布
1839,作者删了你们什么评论！！能不能发给我看看，我还闷在鼓里，没你们看的明白！[星星眼],27天前发布
1840,致敬二舅！,27天前发布
1841,我敬重在如此环境下也能面对苦难坚强生活的二舅，但是没有人在意过是谁造就了苦难，没有反思也没有醒悟，这样不同的“二舅”视频看一遍遍除了自我高潮有什么意义,27天前发布
1842,[热]很多人看过几个视频后在一些事的立场发生了变化  请保持自己理性思考,27天前发布
1843,或许是公平，或许是不公平,27天前发布
1844,若批评不自由，则赞美无意义[热],27天前发布
1845,二舅为什么不理财，拿空余的房子出去出租呢?,27天前发布
1846,庄敬自强？您没事儿吧？,27天前发布
1847,删，他疯狂的删[微笑],27天前发布
1848,那么，你二舅为什么会受这么多苦难呢，就没有尝试过去解决吗？,27天前发布
1849,看得热泪盈眶！敬二舅！！！,27天前发布
1850,换个思路，他也是活成了所有人都没能写出的样子,27天前发布
1851,@Vason  他好强,27天前发布
1852,"转自网友评论；
警惕一下，这个视频带来的群体性舆论共情，本质是一种精神PUA!
它是个专业的团队，在消费主义盛行的时代，打造的迎合年轻人的精神消费品，全片刻意隐去对年轻人“精神内耗”成因的分析，通过上个时代的“二舅”的人生轨迹，给如今的年轻人带来一种“人生共情”，这种共情是条件不对等的、软弱的、虚无的，带着小布尔乔亚的妥协。
很多人被网络情绪有意无意地带入这种共情之后，陷入“我的精神内耗是我不够坚强、不够豁达、不够努力”的思维怪圈，看不清造成群体性精神内耗的真正原因，遇事不看外部环境是否公平，先思考自己是不是能力有问题、是不是不够努力，陷入自我否定、自我反思的地步，这是什么？这是社会性的PUA。
这个视频最有价值的其实是“二舅”在日记里摘抄的这句话:“排除万难，争取胜利”，这是一种斗争术语，那么当代年轻人的斗争对象是谁呢？思考清楚这一点，才能真正消灭精神内耗。",27天前发布
1853,我只能发出一种声音,27天前发布
1854,怎么删除我评论,27天前发布
1855,居然是尊唐[微笑][微笑],27天前发布
1856,能不能让二舅亲口说说为什么要遭受这些苦难，凭什么别人就不用[doge],27天前发布
1857,??,27天前发布
1858,我知道你为什么按时间看[doge],27天前发布
1859,"从来都是逆来顺受此刻竟然难以用言语与表达
本来是可以有不一样的境遇却又在另一处闪闪发光
二舅 ，安康",27天前发布
1860,還能騙幾年[tv_疑问],27天前发布
1861,UPUP！你的视频居然被转发到我们家庭群里了！真的很难得看到这么老少咸宜的视频[doge]都说家庭群转发的除了各种“谣言”，还有真真正正的好道理[打call][打call][打call][热词系列_吹爆],27天前发布
1862,BV15K411s7gr,27天前发布
1863,亲眼看着风向转变，独立思考很重要同志们！,27天前发布
1864,请问这是高级黑吗[笑哭],27天前发布
1865,我看很多人说不要歌颂苦难，我觉得视频作者并非要歌颂苦难。就像我看很多人评论的，自己生活的很迷茫、不快乐，但看了二舅就觉得生活并不是那么糟糕。我们要思考人生的意义，是想知道自己怎样活着才是让自己安心的，不否认，每个人都可以有自己生活的轨迹与选择，但是，躺平、沉溺于虚拟世界是真正快乐的吗？诚然，沉溺于这二者的当下是快乐的，但如果一直沉溺下去，我们之于自己的意义又何在了？有人说这是别人想让我们看什么，让我们变成什么，但是，能改变我们只有我们自身不是吗？一千个读者就有一千个哈姆雷特，我们能从二舅的身上学习到什么，看到什么，不都有我们自己决定吗？有了自己的思考才是最重要的,27天前发布
1866,[支持][支持][支持],27天前发布
1867,从不回头看,27天前发布
1868,昨天一千四百多万播放量，一百八十万的粉丝,27天前发布
1869,没有浮华的词藻，却写出最朴实的人生,27天前发布
1870,????????????????,27天前发布
1871,那些光鲜亮丽的人里又有几人比得上二舅呢？,27天前发布
1872,每个人都有出彩的机会，只要足够努力,27天前发布
1873,感觉up真的好有才啊[妙啊],27天前发布
1874,二舅一块一毛攒了半辈子，还是被一套水泥房子收割了[大哭],27天前发布
1875,他公平,27天前发布
1876,感觉有点余华写的活着的味道,27天前发布
1877,嗯，他公平。,27天前发布
1878,像二舅这样的人都在努力生活，大家还有什么资格抱怨生活[脸红][脸红][脸红],27天前发布
1879,可惜不能点不推荐,27天前发布
1880,"王小波当年劝外甥姚勇不要玩摇滚，先去挣钱
把自己养住时这样说:“ 痛苦是艺术的源泉;
但也不必是你的痛苦，别人的痛苦才是你艺术
的源泉;而你去受苦，只会成为别人的艺术源
泉,
姚勇听懂了他舅的话，放下了摇滚，最终
成为了网游大佬
这是一个关于舅舅治好外甥精神内耗的故事
点赞是美意，赞赏是鼓励",27天前发布
1881,哽咽了[难过][难过][难过],27天前发布
1882,[热词系列_吹爆],27天前发布
1883,不要歌颂，不要说教，要追逐公平，要勇于反抗，用于抗争！,27天前发布
1884,搁着新评论秒删是吧,27天前发布
1885,真的受教良多,27天前发布
1886,尊唐终究还是火了[酸了],27天前发布
1887,可是怎么才算是胜利呢,27天前发布
1888,"决定了
我要回家
姐姐嫁去了北方
父亲去了边防
只余老母在家中孤苦
而我在城市中一事无成
不如回家另谋出路
照料父母",27天前发布
1889,我看完仿佛看到了我爸的身影，但是说会治愈精神内耗这个真的没有。我看完挺沉重的，不知道为啥,27天前发布
1890,这个视频配得上一个入站必刷[热词系列_三连],27天前发布
1891,金子一直在发光,27天前发布
1892,世界上太多的二舅，泪目,27天前发布
1893,我打开之前并不知道，这个视频会废掉我半包纸巾,27天前发布
1894,看这个令我忍不住深思，所谓的的时代，所谓的生活，所谓的困难等等很多，以及所谓的遗憾，我刚看完感受很多却也很乱说不清，但这给我的感觉和当初看完《活着》的感觉很像，道是生活总有意外却没有如果和重来的机会，而遗憾常有却不应被困在曾经的遗憾里而遗憾终身。,27天前发布
1895,盲目抨击作者的人，你们跟盲目喝鸡汤的人又有什么区别,27天前发布
1896,把二舅和姥姥接回城里吧,27天前发布
1897,今夕是何夕,27天前发布
1898,[妙啊],27天前发布
1899,[热]是什么改变了你的想法,27天前发布
1900,真不需要你来教大家向二舅学习，你自己回村里住着就挺好的[OK],27天前发布
1901,看了这视频我内耗更严重了！！！,27天前发布
1902,真正伟大的人，需要有人去了解和知道，但矛盾的是又不希望这个人被太多人知道，因为这会给人带来压力和负面舆论（俗话说人红是非多）。人家只是一个普通老百姓，一个平凡的人做着不平庸的事，这便是伟大，这就足够了，二舅并不是网红，更不是有些人眼里的钉子，他只是和我们一样的普通人。停止精神内耗，在这个网络良莠不齐的、娱乐至死的时代，这种精神真的难能可贵！,27天前发布
1903,“他最公平”，赤脚医生就是他的伟大发明，之一！,27天前发布
1904,风评的翻转生动的体现了网民的逆反和盲从，有人指出这是驯服和pua，就凭借天然对驯服和pua的逆反而不经思考的依从于声讨作者的观点。[笑哭],27天前发布
1905,@刘鹏猪zz,27天前发布
1906,印象最深的两处，第一个就是姥姥坐在那里吃这东西，让我想起了十几年前的奶奶。第二个就是最后一幕，长长的阶梯，艰难的攀登，突然转头，像是在笑着看我（因为近期我正迷茫，）瞬间泪目,27天前发布
1907,"反复看了好几遍，请原谅我思想水平不如诸位，我实在是没有看出什么“赞美苦难”，如果真是所谓的“赞美苦难”，那作者为什么要说二舅有更好的选择？
我只能说精神的健康应该是正确认识这个不美好、不公平社会的前提。",27天前发布
1908,视频和文章都很好 三连了 但是和标题没什么关系,27天前发布
1909,采访一下二舅？,27天前发布
1910,其实并不是二舅的一生有多么传奇，多么的有趣，只是有这么一个人讲它讲述出来，其实大部分人的一生都很平凡，但绝不无聊,27天前发布
1911,平凡中的伟大，伟大滋生的浪漫,27天前发布
1912,"为什么那么多人包括up主本身都认为二舅治好了自己的精神内耗啊?我笑了,二舅选择接受苦难是因为苦难躲避不开,难道二舅不想每顿都吃山珍海味吗？不想拥有香车美女吗?我们更应该做的是将二舅以及像二舅这种遭遇的人从苦难的泥潭里拉出来,光知道盯着屏幕自我感动真是可悲!",27天前发布
1913,这世界真公平啊,27天前发布
1914,迅哥回到故乡见到了闰土，治好了自己的精神内耗。,27天前发布
1915,这个文案写的真的是好 看似风轻云淡 实则暗藏波澜 用一种不紧不慢的语速叙述着我们的二舅 把乐观 开朗 不屈 坚强提现的淋漓尽致 让我们这群身强体壮 四肢健全的年轻人愧疚不已 你对于生活怎样 生活就会对你怎样 希望大家一起共勉,27天前发布
1916,我只关心现在二舅过的有没有好一点，生活有没有改善,27天前发布
1917,希望你能把赚到的钱给二舅让他改善一下生活,27天前发布
1918,"转自网友评论；
警惕一下，这个视频带来的群体性舆论共情，本质是一种精神PUA!
它是个专业的团队，在消费主义盛行的时代，打造的迎合年轻人的精神消费品，全片刻意隐去对年轻人“精神内耗”成因的分析，通过上个时代的“二舅”的人生轨迹，给如今的年轻人带来一种“人生共情”，这种共情是条件不对等的、软弱的、虚无的，带着小布尔乔亚的妥协。
很多人被网络情绪有意无意地带入这种共情之后，陷入“我的精神内耗是我不够坚强、不够豁达、不够努力”的思维怪圈，看不清造成群体性精神内耗的真正原因，遇事不看外部环境是否公平，先思考自己是不是能力有问题、是不是不够努力，陷入自我否定、自我反思的地步，这是什么？这是社会性的PUA。
这个视频最有价值的其实是“二舅”在日记里摘抄的这句话:“排除万难，争取胜利”，这是一种斗争术语，那么当代年轻人的斗争对象是谁呢？思考清楚这一点，才能真正消灭精神内耗。",27天前发布
1919,遗憾是余生唱不完的歌，他在浩瀚人海里选择沉默,27天前发布
1920,不要精神内耗，会耗坏身体,27天前发布
1921,应该说，要去搞清楚为什么会有苦难发生，而不是一昧的去忍受苦难，这样才能明白社会的真相,27天前发布
1922,有人让二舅说过一句话吗？,27天前发布
1923,最怕人生比电影还精彩,27天前发布
1924,感谢up，我还在寻思怎么让我妈看到这个视频，她就自己刷到了[歪嘴],27天前发布
1925,致敬和二舅一样的人们,27天前发布
1926,你們都當二舅吧，大伯讓我來做[偷笑],27天前发布
1927,把他的故事改编成电影吧，一定是经典！,27天前发布
1928,这样的文采上一个给我这样感触的还是周树人,27天前发布
1929,敬二舅,27天前发布
1930,塔菲治好了我的精神内耗。,27天前发布
1931,二舅大概是看过鲁班书全套吧[哦呼],27天前发布
1932,我就纳闷了，这么优秀的作品为什么这么多人在这批判up赞美苦难，给up扣一个何不食肉糜的帽子？？？？up难道不是在说二舅那种排除万难争取胜利的精神，还有不要活在遗憾里的态度值得我们敬佩和学习吗？？？？？？？？？,27天前发布
1933,"转自网友评论；
警惕一下，这个视频带来的群体性舆论共情，本质是一种精神PUA!
它是个专业的团队，在消费主义盛行的时代，打造的迎合年轻人的精神消费品，全片刻意隐去对年轻人“精神内耗”成因的分析，通过上个时代的“二舅”的人生轨迹，给如今的年轻人带来一种“人生共情”，这种共情是条件不对等的、软弱的、虚无的，带着小布尔乔亚的妥协。
很多人被网络情绪有意无意地带入这种共情之后，陷入“我的精神内耗是我不够坚强、不够豁达、不够努力”的思维怪圈，看不清造成群体性精神内耗的真正原因，遇事不看外部环境是否公平，先思考自己是不是能力有问题、是不是不够努力，陷入自我否定、自我反思的地步，这是什么？这是社会性的PUA。
这个视频最有价值的其实是“二舅”在日记里摘抄的这句话:“排除万难，争取胜利”，这是一种斗争术语，那么当代年轻人的斗争对象是谁呢？思考清楚这一点，才能真正消灭精神内耗。",27天前发布
1934,靓仔，为什么按时间查看[doge],27天前发布
1935,它们，在很多方面有异曲同工之妙【“cheems，你要去码头整点薯条吗？”-哔哩哔哩】 https://b23.tv/1o59pid,27天前发布
1936,回乡三天，骆驼祥子治好了我的精神内耗,27天前发布
1937,@予风赋笙歌-Y,27天前发布
1938,说了啥没看懂,27天前发布
1939,up主的本意估计只是想感叹一下二舅面对生活的积极精神，处于是在不公平的社会中寻找自己的路。而媒体借着热度渴望有更多人像二舅一样，但估计有些人并不傻，为什么在不公的社会中不能寻求公平呢？二舅的精神是好的，但是每个人有自己选择的生活方式，就如同这个视频一样现实生活中的二舅甚至并不能为自己发声，最后却被代表。,27天前发布
1940,欧嘞三舅！[歪嘴],27天前发布
1941,[给心心][给心心][给心心][给心心][给心心][给心心][给心心],27天前发布
1942,怎么说呢，我感觉这个视频讲的不是苦难的问题，而是选择或者说是否逃避的问题，二舅真的活的好潇洒啊，连头都不回的往前走，从主观上来看，这辈子活的真不错,27天前发布
1943,把快乐建立在别人的痛苦之上？??,27天前发布
1944,看着看着就哭了,27天前发布
1945,才三天，我还以为回村三年了呢,27天前发布
1946,"回鲁镇三天，孔乙己治好了我的精神内耗
回绍兴三天，闰土和猹治好了我的精神内耗
回未庄三天，阿Q治好了我的精神内耗",27天前发布
1947,好多人刚被治好的精神内耗被周公子整破防了[藏狐]呜呜呜,27天前发布
1948,大伯用二十万一斤的茶水泼醒了我的精神内耗,27天前发布
1949,为什么二舅这么惨呢？不赞美悲剧，其实“二舅”一直活在周围，虽然程度不同，但是我见过的“二舅”不少。,27天前发布
1950,"为什么标题上要写“精神内耗”？？？
和这个有关系吗？[疑惑][疑惑]",27天前发布
1951,鲁迅和老舍的作品在今天依然具有强烈的进步意义，感觉挺悲哀的,27天前发布
1952,如果二舅有想直播带货的意愿，改善生活，你要阻止的话，就是想把好处自己全揽了,27天前发布
1953,作者对他的命运归因： 生不逢时——命运说——这是明显的宿命论观点。,27天前发布
1954,有的人被生活选择，有的人选择生活。,27天前发布
1955,这个视频似乎重要的不是传递信息、观点，更像是一种对观众失败、困顿的外在归因或者说是对观众情绪的煽动。,27天前发布
1956,可，这一切的前提不是乐观，而是天赋……,27天前发布
1957,向前看，不回头,27天前发布
1958,没必要冷嘲热讽吧，就当做了个阅读理解呗，没有对错。不过建议最后来个续文《如何拯救治疗了我精神内耗的“二舅们”》,27天前发布
1959,所以二舅的左腿不是废了呀？视频里看他能正常走路的，还能正常做工活,27天前发布
1960,"22岁风华正茂的姑娘，人生已经在坚韧努力踏实奋斗中走到了尽头。
精神胜利的麻醉药救不回年轻的生命，是她不努力她不坚韧她不庄敬自强么？
为什么她不仅没有等来最后的胜利，反而成了时代的代价呢？",27天前发布
1961,对于这个视频所传递给我的东西，让我想起来19年一场老友赛，辩题是如果注定要面对生活的荒谬，你应该是反抗还是享受。我是真的觉得看完视频看那场比赛，会有更深刻的想法。,27天前发布
1962,"转自网友评论；
警惕一下，这个视频带来的群体性舆论共情，本质是一种精神PUA!
它是个专业的团队，在消费主义盛行的时代，打造的迎合年轻人的精神消费品，全片刻意隐去对年轻人“精神内耗”成因的分析，通过上个时代的“二舅”的人生轨迹，给如今的年轻人带来一种“人生共情”，这种共情是条件不对等的、软弱的、虚无的，带着小布尔乔亚的妥协。
很多人被网络情绪有意无意地带入这种共情之后，陷入“我的精神内耗是我不够坚强、不够豁达、不够努力”的思维怪圈，看不清造成群体性精神内耗的真正原因，遇事不看外部环境是否公平，先思考自己是不是能力有问题、是不是不够努力，陷入自我否定、自我反思的地步，这是什么？这是社会性的PUA。
这个视频最有价值的其实是“二舅”在日记里摘抄的这句话:“排除万难，争取胜利”，这是一种斗争术语，那么当代年轻人的斗争对象是谁呢？思考清楚这一点，才能真正消灭精神内耗。",27天前发布
1963,二舅走红后真实的意愿是什么，博主为什么阻止大家直接接触二舅？,27天前发布
1964,好快的删,27天前发布
1965,“评论已经不存在”,27天前发布
1966,看了两次，哭了n次，平凡却美好强悍，衰老和命运都无法阻挡充满力量的人生,27天前发布
1967,这代年轻人不好忽悠了,27天前发布
1968,能让二舅说句话吗[给心心],27天前发布
1969,原作的二舅没有一句台词，只是作者在讲述。我听不到二舅自己的声音，就像隔着一层玻璃，很模糊，就像是别人想让你看到的。,27天前发布
1970,好卷啊,27天前发布
1971,啊,27天前发布
1972,111，1231,27天前发布
1973,阅读鲁迅著作三天，阿Q治好了我的精神内耗,27天前发布
1974,https://b23.tv/BV1EY4y1P7do 哈哈哈,27天前发布
1975,"拉车3天，北平治好了祥子的精神内耗，抬头一看，虎妞加班死在了工位上
二伯还在喝着20w一斤的茶叶[给心心]",27天前发布
1976,"二舅一生坎坷，但勤奋善良乐观
实际上的：二舅勤奋善良乐观，仍跑不掉一生坎坷",27天前发布
1977,敬二舅，敬生活。,27天前发布
1978,太强大了，我的祖国,27天前发布
1979,二舅可能治不了我的精神内耗，但三千万可以,27天前发布
1980,嗦不粗化,27天前发布
1981,二舅有没有治好你的精神内耗我不知道，二妹有没有治好你的加班熬夜我也不知道，我只知道，二伯的存在，能治好你我的金钱焦虑。,27天前发布
1982,这也许就是真正的现实主义视频吧，二舅虽然很平凡，但我觉得他无比伟大！,27天前发布
1983,说实话，我之所以会点开这个视频是因为它的高点赞。我很好奇为什么这样一个标题普通，话题普通的视频能有如此高的点赞。等我看完之后，我不仅看懂了，还颇为震撼。正如视频中所说的“卑微的伟大者”啊。也许震撼我们的，正是这份平凡的，无疾而终的人世旧事。,27天前发布
1984,不知道说什么，就是觉得实在是好感动好感动,27天前发布
1985,没什么感觉，鸡汤文吧,27天前发布
1986,回闰土三天，猹治好了我的精神内耗[傲娇],27天前发布
1987,牛逼,27天前发布
1988,二舅的外甥也不简单啊[哦呼],27天前发布
1989,苍凉如水，何为生命,27天前发布
1990,好快的删,27天前发布
1991,做到不留遗憾很难，留下遗憾还能往前走前更难。看完视频我真的自愧不如，二舅那么困难的经历还能坚持下去，我现在还在因为自己不够同学优秀而精神内耗，看到群里的朋友学习js逆向学到凌晨。感觉自己睡觉都是罪过，静不下心。感谢up主！我现在对学习和未来的态度有很大的变化了。,27天前发布
1992,回米米世界三天，djgun治好了我的精神内耗,27天前发布
1993,姥姥有帕金森啊,27天前发布
1994,二舅虽然乐观勤劳坚强，但仍旧摆脱不了坎坷的命运,27天前发布
1995,完了投币取消不了了,27天前发布
1996,我觉得真正的问题不是有没有歌颂苦难，二舅的确活出了对他而言充实的人生，问题在于up解读得太过了。人人都会遭遇自己的苦难，有人能克服有人克服不了，二舅的故事只能算一种事实而非一种标准。我觉得问题在于起这么个标题，看到最后，精神内耗治好了吗？我想这恐怕只是一种自我感动。,27天前发布
1997,回村治不了我的精神内耗，但三千万可以,27天前发布
1998,清贵之人。,27天前发布
1999,嗨 活成自己满意的样子就好,27天前发布
2000,回原神三天，可莉治好了我的精神内耗,27天前发布
2001,还久没在b看到这样优秀的视频了,27天前发布
2002,为啥这个视频这么火,27天前发布
2003,“人生最大的遗憾 就是一直在遗憾过去的遗憾”栓q了 把我点开了 高考失利 上了个普通本科 看似一直在嘻嘻哈哈 内心真的很后悔 很想复读 录取通知书已经到了 突然有点想开了,27天前发布
2004,"转自网友评论；
警惕一下，这个视频带来的群体性舆论共情，本质是一种精神PUA!
它是个专业的团队，在消费主义盛行的时代，打造的迎合年轻人的精神消费品，全片刻意隐去对年轻人“精神内耗”成因的分析，通过上个时代的“二舅”的人生轨迹，给如今的年轻人带来一种“人生共情”，这种共情是条件不对等的、软弱的、虚无的，带着小布尔乔亚的妥协。
很多人被网络情绪有意无意地带入这种共情之后，陷入“我的精神内耗是我不够坚强、不够豁达、不够努力”的思维怪圈，看不清造成群体性精神内耗的真正原因，遇事不看外部环境是否公平，先思考自己是不是能力有问题、是不是不够努力，陷入自我否定、自我反思的地步，这是什么？这是社会性的PUA。
这个视频最有价值的其实是“二舅”在日记里摘抄的这句话:“排除万难，争取胜利”，这是一种斗争术语，那么当代年轻人的斗争对象是谁呢？思考清楚这一点，才能真正消灭精神内耗。",27天前发布
2005,到底是二舅治好了精神内耗，还是看到‘二舅’过的不好治好了精神内耗，“二舅们”这么努力还是过的不好治好了精神内耗呢??,27天前发布
2006,致敬·二舅[保佑],27天前发布
2007,老师让我写观后感[微笑][微笑],27天前发布
2008,最新评论可以说是大型发癫现场了(笑 曲解视频作者的中心思想 随意解读视频里面的内容 立个靶子自己打 说些不着边际浑话,27天前发布
2009,天妒英才,27天前发布
2010,"我想起很多
龙文章说这个世界上真正敢往前走的是把什么苦都吃透了的",27天前发布
2011,要做世界上第二快乐的人,27天前发布
2012,这么一对比，感觉自己啥也不会[笑哭],27天前发布
2013,请问，为什么说大部分木匠都会算命啊，这俩者有什么联系吗[脸红],27天前发布
2014,连续好几天，我一打开b站和百度，无论是视频还是文章都在给我推这位“二舅”，今天终于抱着“我倒要看看这位二舅究竟怎么回事”的心态点进来看了。上天是实在看不下去我眼下糟糕透顶的心态和情绪了吧？,27天前发布
2015,BV1vB4y1C75j 传送门就绪,27天前发布
2016,平凡而伟大啊,27天前发布
2017,只会赞美,27天前发布
2018,一人一半可以吗[给心心],27天前发布
2019,感动[保卫萝卜_哭哭],27天前发布
2020,蹲着评论赞是吧[嘉然_敲打],27天前发布
2021,这样赞美这否有点,27天前发布
2022,清末如果人人都像二舅，慈禧能笑死，鲁迅能气死[doge],27天前发布
2023,牛逼的人无论如何都很牛逼，只是表现的方式不同,27天前发布
2024,是的 内心精神富足强大的让人羡慕！,27天前发布
2025,感谢二舅,27天前发布
2026,搞得我想去买一套鲁迅看看了。,27天前发布
2027,鲁迅:回乡三天，闰土治好了我的精神内耗,27天前发布
2028,来北平三天，祥子治好了我的精神内耗,27天前发布
2029,人生在自己眼中就是活着，在别人眼中就是故事，敬每一个平凡而坚强的人,27天前发布
2030,NB,27天前发布
2031,现在都有3.5万人在看[打call][打call],27天前发布
2032,[哦呼],27天前发布
2033,记得上一次这么火出圈的还是何同学吧,27天前发布
2034,祝大伙都成为二舅[奋斗][奋斗][奋斗],27天前发布
2035,难绷,27天前发布
2036,那二舅赚了钱记得分二舅一半,27天前发布
2037,"拉车3天，北平治好了祥子的精神内耗，抬头一看，虎妞加班死在了工位上
二伯还在喝着20w一斤的茶叶[给心心]",27天前发布
2038,其心可诛,27天前发布
2039,遗憾在生活里是令人沉沦的毒药，我们固然不要沉沦，但是造成遗憾的原因我觉得也要思考。,27天前发布
2040,如果赚了钱给二舅改善一下生活吧 这个视频看似很接地气 实则不然 里面的一些情节真的让人感到疑惑 甚至质疑 我们不需要这样的歌颂苦难的价值观输出 苦难就是苦难,27天前发布
2041,还是看看远方的周公子吧,27天前发布
2042,还没治愈的建议去看武训，药量超级加倍,27天前发布
2043,社会上多一点二舅，才能供养得起喝20万一斤的茶叶的二伯。,27天前发布
2044,让二舅就说说话吧[藏狐],27天前发布
2045,b站需要紧急开发关闭按时间查看的功能吗？,27天前发布
2046,拉车3天，北平治好了祥子的精神内耗，抬头一看，虎妞加班死在了工位上[给心心],27天前发布
2047,二舅不需要人们的追捧，他需要的是社会保障，健全的医疗制度，成熟的养老体系。苦难就是苦难，不需要歌颂，也不要让人看见之后当成鸡汤来啧啧回味，难道现在普通人过得很好吗？为什么过得不好呢？[给心心],27天前发布
2048,up主文采很好，讲解的很抓心,27天前发布
2049,对我而言，二舅的故事固然精彩，但up主豁达的生死观更发人深省。,27天前发布
2050,“二舅的快乐”是你觉得的快乐，二舅真的快乐吗？如果二舅是真的快乐，那我希望你今后的生活如二舅一般，快乐也如二舅一般。不帮二舅没关系，但别消费二舅，你的轻描淡写及所谓的幽默就是对二舅多年艰苦生活的侮辱。你的精神内耗治疗法难道就是“比下有余”？,27天前发布
2051,666,27天前发布
2052,每个人都不该遭受这般苦难，未来和希望终究要靠我们自己争取。,27天前发布
2053,还有up主你二舅到底是哪里人啊？,27天前发布
2054,"刷屏的「二舅」，感动了谁？由此而来的的感动和争议，都来自哪里？最后又去向何处？ - 梧桐木桥的回答 - 知乎
https://www.zhihu.com/question/545525107/answer/2595699521
个人感觉这个回答比较客观",27天前发布
2055,让我想起了皮囊的文笔，棒！,27天前发布
2056,二舅？ 如果晚生20年会玩手机也是个人口吧黄牌[呲牙][呲牙],27天前发布
2057,我实在没有资格品论，致敬二舅，感谢up主将二舅呈现给我们[抱拳][抱拳][抱拳][抱拳][抱拳][抱拳][抱拳],27天前发布
2058,六边形二舅,27天前发布
2059,我测你们码 二舅能让放假不调休吗 很难的啦[喜欢][喜欢][喜欢],27天前发布
2060,??,27天前发布
2061,人的一生中最光辉的一天，并非是功成名就的那一天，而是从悲叹与绝望中产生对人生的挑战，以勇敢迈向意志的那一天。,27天前发布
2062,还得是我周家大伯二伯啊[OK],27天前发布
2063,你愿意当二舅？,27天前发布
2064,评论又被吞了哈哈??,27天前发布
2065,认命又不全认，即是不妥协不颓丧，有一口气有一丝力，也要和现实搏斗在这看似悲惨的开始活出了属于他的热烈的火辣的一生，值得骄傲的一生,27天前发布
2066,[打call],27天前发布
2067,天哪！昨天刚看了视频，今天学校就要写观后感,27天前发布
2068,"谁愿意谁去做二舅，多大的红花给我戴我都不做二舅

有机会你不想做易烊千玺？又有钱又有闪光灯又有编织（计划中）易如反掌的人生，哪个做题家不羡慕？",27天前发布
2069,有个问题up主二舅什么时候去的北京啊？,27天前发布
2070,https://www.bilibili.com/video/BV1NB4y1C7ij?share_source=copy_web&amp;vd_source=90956a67951ef126fbe56f0ddf7f6bff,27天前发布
2071,追风赶月莫停留，平芜尽处是春山,27天前发布
2072,外婆为什么是你这二舅照顾呢？你大舅、母亲还有姨妈呢？,27天前发布
2073,我是傻了点，但我不瞎啊,27天前发布
2074,按时间查看 发现有一半兄弟们是清醒的 我就放心了 [大笑],27天前发布
2075,先敬二舅，但是如果二舅能治好你的精神内耗，那你一定是个二韭，所以再敬二韭,27天前发布
2076,绷不住了,27天前发布
2077,活在当下的颜回,27天前发布
2078,中国版的托马斯杨[OK],27天前发布
2079,"苦难不值得歌颂
有些人说二舅的人生充满苦难却乐观向上
但是我看到乐观向上的二舅人生却充满了苦难",27天前发布
2080,弹幕重复的太多了，影响观感,27天前发布
2081,3分钟的视频我都嫌长，11分钟居然还意犹未尽，文案是真好，希望我也能不遗憾过去,27天前发布
2082,[大笑]我真的想笑啊,27天前发布
2083,我们每个人的来处和去处都是一样的 就过程可能会有些许出入 我们会爱上很多人 感情却很有限 享受那些自己拥有的珍贵与美好吧 毕竟我们归处相同 只有这些不同,27天前发布
2084,感动,27天前发布
2085,只有今天的自媒体时代才能产生这样震憾心灵的作品，因为他真实，因为只要我们接触到社会底，特别的农村每个村都有一个这样的二舅，从我们爷爷和父母身上能找到他的影子，因为他伟大，伟大是他面对苦难人生的乐观向上态度，可以成为我们的人生向导，正如作者所说：治好了我的精神内耗。可以改成“这样的二舅可以治好我们的精神内耗”。,27天前发布
2086,你解决精神内耗，就是因为有人过得比你苦[微笑],27天前发布
2087,苦难不值得被吹捧，在苦难面前仍努力前行的人才值得被歌颂[无语]总是一个一个脑补资本炒作希望大家接受苦难习惯苦难，不如自己换个方式去理解这个视频，毕竟任何东西都有瑕疵,27天前发布
2088,这篇视频真是看几遍都不够，太感动了,27天前发布
2089,每个生命都有各自的方向，世界未曾真的变过，只有时代一直在变化，身处变换的洪流之中，昨天被奉为真理的法则，仿佛一夜之间，就变成了令人唾弃的敝履。自古以来，人间唯有真心，才是最难得。,27天前发布
2090,苦难不应该被赞扬,27天前发布
2091,建议搜索武训[呲牙],27天前发布
2092,是这样的，很多年纪大的奶奶为了不拖累家里人，就想不开，破大防看到这，特别是从父辈的口中得知，再看到视频,27天前发布
2093,二舅微笑生活，我们只能算是努力活着，生活，活着！,27天前发布
2094,https://b23.tv/BV1C3411C7MX,27天前发布
2095,回柬埔寨三天，波尔布特治好了我的精神内耗,27天前发布
2096,他公平！,27天前发布
2097,于是我温良恭俭让，仁义礼智信地过完了悲惨的一生。,27天前发布
2098,你解决精神内耗的方式，是通过别人的苦难来满足自己那可悲的精神善良吗,27天前发布
2099,苦难并不值得歌颂,27天前发布
2100,"二舅治不好我的精神内耗，但50w可以??
什么，我成50w了，那没事了??",27天前发布
2101,看完真的很感动，我想起我的爷爷也告诉人生不应该执着于遗憾。,27天前发布
2102,一种苦难被文人以居高临下的姿态呈现出来，集体精神高潮[藏狐],27天前发布
2103,只觉得二舅本人可怜,27天前发布
2104,"就感觉看完，不是让你觉得二舅伟大，而是敬畏平凡。
真的很好，感人又深刻，还不冗长。
作者有心了[打call]",27天前发布
2105,所谓英雄就是普通人有一颗勇敢的心,27天前发布
2106,"我觉得吧，内容没问题，推手有问题。
乐观只应该是主动的选择，而不该是被迫的。",27天前发布
2107,看了好多遍,27天前发布
2108,坐黄包车三天，祥子治好了我的精神内耗,27天前发布
2109,很感人,27天前发布
2110,@bili_21099445784,27天前发布
2111,回家三天，大伯二伯治好了我的精神内耗[给心心],27天前发布
2112,也许在二舅的眼里普通才是他的本质（不要看我ID，读就行了求求了[大哭],27天前发布
2113,为什么都说这个视频是歌颂苦难？因为太多二舅没有得到这样的曝光，所以他们的苦难只是苦难，苦难并不值得歌颂。,27天前发布
2114,回乡三天，闰土治好了我的精神内耗-鲁迅,27天前发布
2115,??,27天前发布
2116,平凡的人，努力生活，最终终将不平凡，致敬二舅。,27天前发布
2117,分不清[思考],27天前发布
2118,生活各有快乐，怎样去寻找生活的意义，怎样去寻找生活的快乐是很重要的事情。二舅真的在相对的苦难之下寻找到了生活的意义与生活的快乐。,27天前发布
2119,那些说赞美苦难的，人赞美的是二舅。你在说这话的时候考虑过尊重过二舅这样的人，又忽视二舅的努力是把？他有说苦难是应该尝试嘛？二舅是大部分普通人的缩影，尽力做到让自己活的好一些。这个视频的场外我就讨厌几点，第一是一口一个苦难的观点输出，实际上一直在模糊跟二舅一样大多数人面对生活的努力，这种人是可恶的。第二种是在上层的蝇营狗苟导致的环境，没有他们或许像二舅一样的大多数人能更好。第三，不去认错，不去指出问题，企图让大多数的我们觉得这一切都是应该的上层建筑,27天前发布
2120,在？为什么按时间查看,27天前发布
2121,看到了比我更惨的人，治好了我的精神焦虑,27天前发布
2122,在？为什么按时间查看,27天前发布
2123,分不清辛苦和苦难,27天前发布
2124,弹幕一句话太好了“一个腿脚不方便的人，却成为了全村的拐杖”[大哭][大哭][大哭],27天前发布
2125,大道至简,27天前发布
2126,币比赞多,27天前发布
2127,敬二舅,27天前发布
2128,视频里面的“二舅”这状态不就最符合资本家对工人的要求，讲奉献，讲牺牲，只要努力精神富足，能吃饱不饿就行了，别追求那么多，欲望可以有，但别那么大。二舅是值得尊敬的，造成二舅还有给人们灌鸡汤接受成为二舅的是要唾弃的。,27天前发布
2129,你的大伯我的二舅好像不一样[微笑],27天前发布
2130,短短的视频道尽了一个人的一生 二舅的坚韧乐观永远有一股坚强向前的生命力，希望下辈子二舅一定健健康康美满的弥补这辈子的缺憾,27天前发布
2131,这个世界上第一快乐的人是不需要对别人负责的人，第二快乐的人就是从不回头看的人。遗憾谁没有呢？,27天前发布
2132,二舅过得这么苦 我们年轻人有什么资格抱怨[妙啊],27天前发布
2133,心灵鸡精汤。,27天前发布
2134,说实话，我比较喜欢这样的文学，那种太悲戚的文学我不喜欢,27天前发布
2135,有的人，精神里住了一个世界,27天前发布
2136,想我奶奶了,27天前发布
2137,他公平,27天前发布
2138,莫名的像《活着》,27天前发布
2139,愿你们都成为二舅！！！！祝福你们,27天前发布
2140,进语文书吧,27天前发布
2141,从理塘到了上海，哥们治好精神内耗,27天前发布
2142,愿你们都成为二舅！！！！祝福你们,27天前发布
2143,我们语文老师推荐我看的,27天前发布
2144,平凡但不平凡  震撼啊,27天前发布
2145,这村大概在什么地方 结合up的ip感觉像张家口或者承德,27天前发布
2146,致敬二舅,27天前发布
2147,他全程沉默、一言未发，任凭旁白和镜头定义了他的大半生。,27天前发布
2148,你让二舅说句话吧[大哭],27天前发布
2149,你这二舅，他是不是有个阿公，叫阿Q阿,27天前发布
2150,不要去打扰二舅的生活,27天前发布
2151,在B站基本没评论过，但真的太爱这个故事，这个文案了,27天前发布
2152,评论不能带 养、老、金 三个字。。。,27天前发布
2153,闰土和祥子难道会因为证没办下来去北京吗？,27天前发布
2154,鲁迅：回村三天，闰土治好了我的精神内耗。,27天前发布
2155,回村三天，闰土治好了我的精神内耗,27天前发布
2156,[抠鼻]我要为苦难鼓掌,27天前发布
2157,https://www.bilibili.com/video/BV1Ca411K7Gh?share_source=copy_web&amp;vd_source=90956a67951ef126fbe56f0ddf7f6bff,27天前发布
2158,没看懂[笑哭],27天前发布
2159,[doge]你有你的二舅，我有我的大伯,27天前发布
2160,反向后浪！好,27天前发布
2161,下定决心，不怕困难，排除万难，去争取人生胜利！,27天前发布
2162,其心可诛,27天前发布
2163,前有后浪现有二舅后面还有什么呢？还必须要一直续着要不了天天闹,27天前发布
2164,"BV1wN4y1L7pT
BV1e94y1D7jN
BV1gt4y1L7XA

不同观点不让发？[无语]",27天前发布
2165,根本看不懂,27天前发布
2166,拍的讲的都很好，赞一个,27天前发布
2167,为何赞美苦难? 有那么多姐妹为什么养老的责任落在他身上?,27天前发布
2168,洒脱而孤独的灵魂,27天前发布
2169,等这个视频成为新圣经之后，不要忘记回来赞我。,27天前发布
2170,“回村三天，闰土治好了我的精神内耗”,27天前发布
2171,我不是一个有文化的人，这些字句很牛逼，牛逼到这一句还没来的及思考，下一句就有让我拉入了沉思。就是牛逼。,27天前发布
2172,故事真实而又令人感动！遗憾吗？肯定会有遗憾的，但是遗憾又有什么用呢？我们能做的只有努力去走好每一步，过去的事情不会后悔，未来的事情不去担忧。世界上第一快乐的人是不用为别人负责的人，第二快乐的人是从不回头看的人！,27天前发布
2173,面对不公也不能发声，埋头苦干是常态？把一切的不公平当做命运？一个字妙,27天前发布
2174,感动！支持！,27天前发布
2175,"当年忠贞为国愁，
何曾怕断头？
如今天下红遍，
江山靠谁守？
业未就，
身躯倦，
鬓已秋；
你我之辈，
忍将夙愿，
付与东流？",27天前发布
2176,在？为什么按时间查看,27天前发布
2177,在？为什么按时间查看,27天前发布
2178,二舅有一种反防疫的能力，无论何时，都保持着，也给我们深深的惊醒，感谢二舅，,27天前发布
2179,你想看什么我发[奥比岛_点赞],27天前发布
2180,看第一遍觉得挺好的，现在仔细想想，为什么姥姥还需要受苦的二舅这样带着，不是还有两个女儿么？,27天前发布
2181,平凡且高贵,27天前发布
2182,在？为什么按时间查看,27天前发布
2183,在？为什么按时间查看,27天前发布
2184,这视频有多少激励[滑稽],27天前发布
2185,一个小问题，如果你们的亲人生活如此，会想发个视频讲他的苦难吗,27天前发布
2186,币比赞还多,27天前发布
2187,所以最后二舅在北京找到他的公平了吗？,27天前发布
2188,二舅是怎么想的呢,27天前发布
2189,感慨万千 我却什么都写不出来,27天前发布
2190,66岁人生也还长,27天前发布
2191,他虽无健全的身体，但他拥有无上的人格,27天前发布
2192,命运总是这样玩弄人,27天前发布
2193,瞧，这是故事片，千万别当成纪录片！[藏狐],27天前发布
2194,分享动态,27天前发布
2195,纯粹的影像都带入拍摄者的主观意识，一个影响人物无言而全程旁白的视频究竟掺入了多少纯粹主观的东西自然不言而喻。至于这个片子算不算纪实短片，我想说它完全不符合一部纪录片最基本的要求，只是纯粹的视频创作者个人主观想法的表达，并且符合爆红的条件，加上时代赋予它的机遇。,27天前发布
2196,"?? ????? ????? ???????? ?? ????????? (??????????? ?? ?????? ?????? ??????????) ??????? ????????? ??????????? ????????? ?? ??????????, ??????? ??????????? ???????? ?????????? ???????, ??????? ???????? ?? ????? ???.",27天前发布
2197,何谓生死？不是刻在纪念碑上的所谓不朽，是平凡的篇章，给予世界伟大的史诗。,27天前发布
2198,平凡而又不平凡,27天前发布
2199,第一遍搞笑，第二遍温暖，第三遍我已泪流满面,27天前发布
2200,test,27天前发布
2201,"真的治愈了我一部分精神内耗
谢谢[拥抱]",27天前发布
2202,就像上山时 往回看才是最令人害怕的,27天前发布
2203,苦難不等於辛苦,27天前发布
