,danmu,time
0, 贴个《名牌》上去, 200.299
1, 至少，他有过一段幸福的爱情。感受过小家的温馨，也不失为不幸中的万幸。, 308.414
2, 首长：谢谢嗷, 157.79
3, 首长搓背搓得很好, 158.974
4, 这个情节太真实了，说不上是人情，无奈还是看开, 103.485
5, 平凡而伟大, 0.0
6, 一键三连数疯狂上涨, 0.0
7, 二舅和命运和解了, 101.591
8, 我怎么这么卡, 0.099
9, 恭喜发现宝藏, 0.0
10, 币比赞多系列, 0.0
11, 卧槽二舅好牛逼, 151.494
12, 敬二舅, 0.0
13, ''世界以痛吻我，我却报之以歌。'', 0.025
14, ''世界以痛吻我，我却报之以歌。'', 0.065
15, ''世界以痛吻我，我却报之以歌。'', 0.0
16, 首长:谢谢夸奖, 159.339
17, 另一个版本的《活着》, 312.899
18, 咱二舅（）, 0.155
19, 再来一遍, 0.0
20, 恭喜你发现宝藏, 0.0
21, 以前结婚没有恋爱，女的不喜欢原配，后来发现二舅是自己喜欢的, 314.243
22, 添 柴 少 年, 0.277
23, 卧槽，现实果真是现实, 305.166
24, 那时候的“上海”就相当于现在衣服上的logo, 195.751
25, 赶紧去投币吧, 0.0
26, 杀死那个……农村人, 0.005
27, 我看到了人生的全部意义, 0.0
28, 哇二舅好牛啊 真的好爱家人, 179.046
29, 向二舅致敬！, 0.282
30, 关键二舅是看了三天学会的啊！, 183.904
31, 欢迎来到币比赞多系列, 0.0
32, 恭喜你发现宝藏！, 0.0
33, 比现在的电影拍的好, 0.165
34, 恭喜你，发现了宝藏, 0.186
35, 请给我贴一个梦巴黎, 202.839
36, 我第一次见到如此恐怖的硬币数, 0.0
37, OK, 208.019
38, 《The great 二舅》, 0.045
39, 我愿称它为流媒体时代下，2022年最好的视频化散文, 0.0
40, 怎么样才能多投币, 0.05
41, up当代鲁迅, 0.002
42, 太棒了 我因此回答了60+问题, 0.0
43, 二舅加油！, 0.256
44, 很好看, 34.269
45, 再看亿遍！, 0.0
46, 这才是真正的镇站之宝, 0.0
47, 二舅总有办法, 194.897
48, 二舅不落魄也不可怜 ！！, 0.0
49, 年度宝藏视频！！直接封神之作, 0.005
50, 敬二舅, 0.0
51, 这是井陉吗？或者说是石家庄南部地区？山西东南部地区？, 0.0
52, 二舅啊，二舅诶 你是十年不遇的天才 你拄起了拐 生活不是电影 故事从这里展开 ……, 0.0
53, 敬二舅, 0.0
54, 《人生海海》的感觉, 0.0
55, OK！, 211.05
56, 世界以痛吻我，我却报之以歌。, 0.0
57, 敬二舅, 0.204
58, 《卑微地伟大着》, 243.962
59, 为小侄子点赞, 0.026
60, 】」, 0.0
61, 已经看了三遍, 0.255
62, 这个故事告诉我们：只要你不考虑在北上广深买房子，那你生活就会很快乐, 0.0
63, 敬二舅, 0.0
64, 《北京人很会搓背》, 157.217
65, 111, 0.0
66, 应该拍成电影，致敬二舅！, 0.0
67, 致敬二舅！, 0.0
68, 是中国的《活着》，与美国的《阿甘正传》，以及俄罗斯的《我们一家人》的混搭, 0.0
69, 这段有种余华的感觉, 54.705
70, 本视频要求全文背诵, 0.705
71, 致敬, 0.0
72, 恭喜破圈, 0.284
73, 敬二舅, 0.261
74, 三连, 0.0
75, 敬二舅, 0.058
76, 二舅刷抖音哈哈哈, 0.0
77, 币比赞多系列, 0.0
78, 建议反复观看, 0.114
79, 看哭了, 0.159
80, 敬二舅, 0.0
81, 再来亿遍, 0.0
82, 再来亿遍, 0.0
83, 为了给你点赞我才登陆的, 0.0
84, 欢迎来到币比赞多系列, 0.0
85, 17:41分有人吗, 296.628
86, 遗憾才是生命主旨（我理应活的更丰富, 4.249
87, 我就不三连了啊，先去投俩币再点赞收藏, 0.0
88, 看第一遍懵懂，第二遍触动，第三遍敬仰、感动, 0.0
89, 第二遍了谁懂, 0.0
90, 致敬二舅！, 0.103
91, 14an, 0.0
92, 敬二舅, 0.0
93, 顶, 0.0
94, 敬二舅, 0.245
95, 在二舅面前，我如此渺小。, 0.263
96, 第一次见那么多人观看, 0.0
97, 敬二舅, 0.252
98, 敬二舅, 0.0
99, 入站必刷, 0.0
100, 逻辑好像不太通啊，大兄弟, 0.0
101, 敬二舅, 0.0
102, 敬二舅, 0.028
103, 巅峰之作, 0.0
104, 平凡而伟大, 0.01
105, 14W+就离谱, 32.899
106, 总是忘不了二舅, 0.0
107, 从官媒过来的, 0.0
108, 拉帮套, 284.299
109, 抖音有人盗录, 0.045
110, 每周必看, 0.265
111, 入站必刷, 0.225
112, 手中的枪――“低语”由4部分组成，填有4发子弹，分别叫：卓越，绝妙，精彩，非凡。?, 5.099
113, 生活中有意外，也要继续生活, 0.0
114, 我的天才二舅, 0.01
115, 你火了压, 0.015
116, 牛, 0.11
117, 第二个一亿播放可不可以！?, 0.0
118, 为二舅献上人生第一个一键三连, 0.22
119, “直视他人的不幸能使人鼓起勇气面对自己的遭遇”, 0.252
120, 《比活着更活着》, 0.074
121, 二舅他不仅仅是一个人，这个词更像是一个符号，代表着是一种坚韧，顽强，淡泊，执着的灵魂, 0.0
122, 菜根谭推荐一下，随遇而安，逆来顺受，不思过往，不念将来。, 0.0
123, 尊唐NB！, 0.283
124, ---, 0.0
125, 世界上只有一种真正的英雄主义，那就是在认识生活的真相后依然热爱生活。, 1.595
126, 他曲着的腿上，坐的是和老人一模一样的神，和整个村子守望相助, 0.0
127, ？, 0.0
128, 第二遍了, 0.0
129, 《最长的电影》, 0.0
130, 币比赞多, 0.113
131, 敬二舅, 0.0
132, “不要光赞美高耸的山峰，平原和丘陵也一样不朽”, 171.509
133, 感谢二舅的故事，突然有了继续生活下去的动力。, 0.0
134, 敬二舅, 53.017
135, 2022年最伟大的作品, 0.025
136, 敬二舅, 0.0
137, 兄弟们，4刷了, 0.0
138, 敬二舅, 0.0
139, 敬二舅, 0.0
140, 二舅与姥姥的故事由此开始..., 0.0
141, 致敬二舅, 0.0
142, 火了赞我, 0.0
143, 希望大家都能早日拔出心中的那根刺?, 0.021
144, ''世界以痛吻我，我却报之以歌。'', 0.0
145, 入站必刷入站必刷入站必刷, 0.0
146, 17W, 0.0
147, 敬二舅, 0.0
148, 他公平, 119.897
149, 敬二舅！, 0.0
150, 敬二舅, 0.0
151, 三刷, 0.0
152, 我爷爷也是很厉害，什么活都会干，乡里大小事都会找来帮忙，只是没有好的运气，生病去世了，很遗憾没能见到爷爷, 0.0
153, 敬二舅, 0.0
154, 二刷, 0.0
155, 敬二舅, 0.0
156, 真的好看, 0.0
157, 敬二舅, 58.896
158, 敬二舅, 0.0
159, ！, 0.0
160, 敬二舅, 0.0
161, 视频真的太火了, 0.004
162, 视频真的太火了, 0.004
163, 视频真的太火了, 0.004
164, 看看谁还没有三连谁还没有三连到底是谁还没有三连, 0.265
165, 为什么我没有声音的, 0.0
166, 为什么我没有声音的, 0.0
167, 语言已经失去了它应有的能力，除了掌声与热泪再无其他可表达我的心情, 0.265
168, 敬二舅, 0.108
169, 敬二舅！！！[666]谢谢作者拍摄与分享，你写的关于“遗憾”的结语，很受用！！, 0.0
170, 敬二舅, 0.0
171, 在其他地方看过，特意来b站一键三连的, 0.0
172, 他批判现在，却想回到过去, 0.0
173, 三刷, 0.0
174, 有没有导演比较心动的，搞一部《我的二舅》电视剧。可能估计现在这年头没人愿意拍这种生活片吧, 0.0
175, 一喂顺风车, 0.205
176, 三刷了, 0.02
177, 一刷给视频，二刷给二舅。三刷给网友, 0.037
178, 现在社会太卷了，搞点反卷的内容很舒适, 0.0
179, 现在社会太卷了，搞点反卷的内容很舒适, 0.0
180, 所以二舅有你，他注定要名扬天下，无论以何种方式～, 0.0
181, 敬二舅, 0.246
182, 我是老粉, 0.021
183, 敬二舅！, 0.0
184, 我要这币有何用, 0.193
185, 此视频必火!, 0.0
186, 来二刷了, 0.182
187, 看了好几次了，真的很感人, 0.0
188, 一句话便是带过了二舅的小半辈子, 332.793
189, 建议入选豆瓣Top 250, 0.0
190, 敬二舅, 0.0
191, 我哭了, 0.0
192, 他公平, 119.629
193, 这播放量，猛, 0.0
194, 12W, 0.0
195, 敬二舅, 0.0
196, 神知道我看了多少遍, 0.022
197, 敬二舅！, 0.0
198, 请收下我的膝盖, 0.0
199, 敬二舅, 0.0
200, 敬二舅, 0.0
201, 敬二舅, 0.0
202, 从新闻上来的, 0.0
203, 公平！, 119.676
204, 1啊, 0.0
205, 哭唧唧, 0.0
206, 敬二舅, 100.629
207, ！, 0.0
208, Ok, 208.492
209, 致敬二舅, 0.0
210, 太感人了！平凡中的伟大。, 0.019
211, 二舅也治好了我的精神内耗, 0.0
212, 敬二舅, 0.0
213, 在的，回话了, 0.0
214, 致敬！！！, 0.0
215, 有没有可能拍一集 刚刚, 0.0
216, 敬二舅, 0.0
217, 看哭了, 0.0
218, 敬二舅, 0.0
219, 太牛了, 0.0
220, 向二舅致敬！, 0.0
221, 加油加油加油YESyesyes, 0.0
222, 又好哭又好笑, 0.0
223, 凤凰男 医疗事故 空巢山村 不可悲吗？！, 0.0
224, 能不能破亿！, 0.0
225, 现在独生子女没有了七大姑八大姨，该高兴还是该悲哀, 0.0
226, 拿奥斯卡最佳微电影奖了。, 0.0
227, 币比赞多系列！！, 0.145
228, 敬二舅, 0.0
229, 敬二舅, 0.0
230, 致敬二舅, 0.278
231, 敬二舅!, 0.0
232, 敬二舅, 0.063
233, 公平, 123.382
234, ^_^, 0.0
235, 十万人正在看, 0.0
236, 致敬二舅，以及像他一样普通、平凡而又散发着人性光芒的人。, 0.0
237, 大家奋斗不是为了像二舅一样吃苦，取得胜利是精神和物质的双重丰收，而不是无奈的自我升华。, 0.0
238, 敬二舅！, 0.0
239, 二舅，其实就是每一个勤劳朴实顽强平凡的父母的缩影。, 0.0
240, 敬二舅, 0.194
241, 敦一敦伟大的友谊, 0.291
242, 强烈要求进入必看视频, 0.0
243, 敬二舅, 3.225
244, 歌颂苦难，非啥即啥, 0.0
245, 敬二舅, 0.0
246, 敬二舅, 0.0
247, 敬二舅, 0.185
248, 敬二舅, 0.0
249, 敬二舅, 0.0
250, 大家注意看，上面都是几十块的，有的只有几块钱（！, 237.004
251, 忽然觉得现在给爱情贴的标签好简单 人的情感那儿说的清楚, 328.699
252, 八万人与我同在, 0.0
253, 美化苦难就是吃人, 0.0
254, 不要美化苦难, 0.0
255, 啊                                                                                                这, 0.289
256, 敬二舅, 0.0
257, 恭喜你发现镇站之宝, 0.0
258, 致敬二舅, 0.0
259, 你精神内耗，是因为真有人骑在你头上作威作福, 0.0
260, 411, 0.0
261, 看完这个视频我想起一句话那就是这个世界只有一种英雄主义，就是认清真相之后依然热爱生活, 0.04
262, 敬二舅, 0.0
263, 建议成为入站必刷, 0.0
264, 敬二舅, 0.114
265, 入站必刷, 0.185
266, 8.8万＋的人都出来！, 0.0
267, 我二舅整挺好, 0.106
268, 老首长也是从人民中来啊, 150.819
269, 见证二舅打破全站投币量记录, 0.106
270, 这背影，潇洒的不得了！！, 324.261
271, 敬二舅, 64.867
272, 船载石致敬, 0.165
273,  敬二舅, 35.037
274, 敬二舅, 31.236
275, 欢迎观看2022年b站最佳视频, 0.0
276, 敬二舅, 0.0
277, 敬二舅, 59.563
278, 开头这片段太有意思了, 0.0
279, 三刷了, 0.286
280, 敬二舅, 0.206
281, B站之王，没有之一, 0.071
282, 敬二舅, 20.419
283, 敬二舅, 0.0
284, 这个视频很可能，变成点赞量和硬币量最多的视频, 0.105
285, 先投币为敬, 0.0
286, 二舅, 0.028
287, 敬二舅, 41.705
288, 敬二舅, 0.02
289, 我的天，七百万, 0.149
290, ok, 208.328
291, 致敬二舅, 0.0
292, 敬二舅, 27.498
293, 敬二舅, 0.0
294, 仙人跳：指一种诈财的圈套, 314.701
295, 敬二舅, 0.0
296, 敬二舅, 0.0
297, 拉帮套：指原配丈夫身患恶疾无法支持家庭收入而不得不让妻子找人来支撑，在五六十年代极为猖獗, 314.853
298, 二舅的真实想法呢，哪怕说句话也好啊。, 0.0
299, 这视频get到了我的点，我父亲他们几兄弟，我母亲她的几个兄弟不就是这样的人么, 0.0
300, 老师老师, 0.0
301, 敬二舅, 33.922
302, 看了好几遍啦啦啦啦啦啦, 0.0
303, 尊唐, 0.0
304, 低保呢？农合呢？有没有？, 0.0
305, 敬二舅, 0.0
306, 敬二舅, 0.0
307, 弹幕, 0.276
308, 四天0.3亿播放量，就离谱, 0.0
309, 敬二舅, 0.0
310, 要愤怒，不要沉默, 0.0
311, 敬二舅, 0.225
312, 我大舅在家人群里发了这个视频, 0.0
313, 你好poping老太太, 354.148
314, 宝贝我来看了, 0.021
315, 敬二舅, 0.0
316, 对不起，第一次看到这个视频我划走了，现在我回来了, 3.991
317, 敬二舅, 37.579
318, 希望这视频的播放不会引来一些别有用心的人，打扰二舅宁静的生活。, 0.0
319, 致敬二舅, 0.0
320, 3000万！, 0.0
321, 一天不看浑身难受, 0.0
322, 敬二舅, 0.0
323, 敬二舅, 0.0
324, 3, 0.0
325, 敬二舅, 0.0
326, 超豪华OK？二舅内心很可爱, 204.259
327, 致二舅, 0.0
328, 币比赞多系列, 0.108
329, 哭了哭了, 0.0
330, 欢迎来到币比赞多系列, 0.0
331, 敬二舅, 0.145
332, 姥姥年纪大了身体很多部位不自觉的抖动，像是在跳poping，很可爱的形容, 0.119
333, 我以为他要说二舅后来创办了上海牌, 195.277
334, 敬二舅, 0.0
335, 蚌, 0.0
336, 武训, 0.0
337, 致敬二舅, 0.0
338, 敬二舅, 0.0
339, 蚌, 0.105
340, 敬二舅, 41.383
341, 还真是超豪华ok牌, 202.652
342, 币比赞多系列！, 0.0
343, 敬二舅, 11.139
344, 致敬二舅, 0.0
345, 首长好=首长搓背很好, 162.205
346, 敬二舅, 0.0
347, 敬二舅, 0.0
348, 二舅的针 是什么针？, 0.265
349, 敬二舅, 0.095
350, 越发的感觉在看余华的书, 330.558
351, 苦难无法治愈苦难，二舅苦难的根源是什么, 0.0
352, 我妈好像是另一个二舅, 0.0
353, 敬二舅, 27.379
354, 敬二舅, 32.57
355, 为什么打不开了, 0.0
356, 敬二舅, 0.285
357, +, 1.008
358, 新一代的兵忘了首长本也从人民中来的, 152.198
359, up很棒 也敬二舅, 0.0
360, MD, 330.62
361, 敬二舅们！, 0.0
362, 那请快住进..., 129.019
363, 他大舅他二舅都是他舅，高桌子低板凳都是木头, 0.0
364, 敬二舅, 33.008
365, 重看一遍 敬二舅 已三连, 76.056
366, 二刷, 6.642
367, 卧槽, 313.098
368, 我家当年爸妈结婚家具好像，，, 195.344
369, 莫名同步了, 56.929
370, 敬二舅, 336.959
371, 泪目, 11.017
372, 敬二舅, 27.283
373, ？？？？？？, 282.84
374, 短暂的爱过吧 并不求什么结果 而且谁又能说婚姻和生育就是最终结局呢, 312.213
375, 敬二舅, 337.732
376, 出自传小说吧感觉能火, 322.198
377, 他公平，泪目, 123.888
378, 每天一刷, 8.392
379, 再来亿遍, 10.351
380, 敬二舅, 11.641
381, 敬二舅, 38.442
382, 敬二舅, 45.125
383, 敬二舅, 11.305
384, 我服了, 154.238
385, 好精神 有点帅的, 140.415
386, 敬二舅, 82.724
387, 北京很公平, 111.473
388, 没绷住, 7.479
389, 敬二舅, 237.032
390, 敬二舅, 197.193
391, 敬二舅, 36.719
392, 敬二舅, 31.538
393, 文城, 319.182
394, 残废的二舅是最快乐的人，讽刺不讽刺？, 6.415
395, 敬二舅, 10.049
396, 夜里两点九千加在看！, 11.625
397, 敬二舅, 26.997
398, 破防, 122.377
399, 敬二舅, 19.85
400, 敬二舅, 10.795
401, 敬二舅, 5.431
402, 敬二舅, 256.516
403, 或许爱情曾来过, 325.533
404, 敬二舅, 99.077
405, 背影, 331.259
406, 敬二舅，我不如也。, 43.736
407, 敬二舅, 18.585
408, 敬二舅, 34.961
409, 二舅是一位伟大的“中医”，治好了千万人恐惧、担忧、自卑、孤独的心理疾病。, 31.742
410, 视频制作者生活在一个亲情很浓的家庭，对二舅积聚有30年的深厚感情和钦佩。, 2.725
411, 视频道出普通人人的无奈、痛苦、煎熬、不屈、奋争、责任、友情、平和与安然。, 7.197
412, 敬二舅, 22.804
413, 超豪华 OK？, 202.78
414, 呜呜 他公平, 126.938
415, 敬二舅, 23.599
416, 致二舅, 192.019
417, 哈哈哈哈哈哈哈哈哈哈, 163.995
418, 上海nb, 185.823
419, 敬二舅, 24.819
420, 敬二舅, 32.002
421, 看无数遍也看不厌, 1.02
422, 敬二舅, 0.979
423, ，, 44.119
424, 再看一遍, 0.305
425, 回村一趟，闰土治好了鲁迅的内耗……, 7.306
426, 文字质朴，直击人心，好文采, 78.563
427, 下定决心，不怕牺牲，排除万难，去争取胜利?。我们的胜利就是消灭造成二舅苦难的原因，源头。, 1.825
428, 大隐隐于市, 1.166
429, 敬二舅, 13.62
430, 早晚一遍, 25.31
431, 全程二舅没说一句话, 2.145
432, 想听二舅说点什么, 2.426
433, 公平！, 128.577
434, 能发吗？, 188.979
435, 首长，我谢谢了, 160.42
436, 敬二舅, 15.699
437, 四刷, 11.019
438, 敬二舅, 26.039
439, 天才呀, 186.188
440, 敬二舅, 8.119
441, 聪明勤劳的二舅, 343.988
442, 敬二舅, 14.452
443, 当年的赤脚医生厉害了！, 124.858
444, 回湖南32天，决定了我的基本路线, 1.176
445, 回湖南32天，决定了我的基本路线, 1.176
446, 我相信只是友善, 321.993
447, 我前天看还是一千万播放量，今天直接三千三百万播放量，太强了吧, 0.945
448, QQ, 29.158
449, 敬, 93.314
450, 宣传片, 63.114
451, 看哭了, 182.74
452, 他那么努力，为什么还生活的那么苦！, 237.922
453, 敬二舅, 59.738
454, 敬二舅, 9.548
455, 敬二舅, 200.494
456, 敬二舅, 15.459
457, 经二舅, 23.305
458, 贴牌早期？, 212.187
459, 敬二舅, 22.782
460, 敬二舅, 20.939
461, OK, 211.931
462, OK，很OK, 206.383
463, 敬二舅, 16.939
464, 致敬二舅, 16.379
465, 国家应该给这样的普通百姓一定的低保补贴，过上稍微安详的生活, 71.867
466, 敬二舅, 30.068
467, 敬二舅, 329.025
468, 敬二舅, 33.787
469, 二舅因为自媒体视频火了，又是魔幻的一段旅程, 36.399
470, 敬二舅, 18.459
471, 敬二舅, 4.743
472, 啊, 59.227
473, 敬二舅, 44.737
474, 敬二舅, 11.658
475, 加油, 6.921
476, 被迫营业, 19.954
477, 敬二舅, 27.172
478, 二刷, 6.524
479, 四针扎没了一个天才少年, 31.581
480, 敬二舅, 62.566
481, 好, 4.15
482, 刻骨铭心, 345.765
483, 敬二舅, 18.642
484, 敬二舅, 10.339
485, 哈哈哈哈, 202.553
486, 他公平, 128.037
487, 妈呀 一天就打四针 我们要好久才打第四针, 27.299
488, 敬二舅, 6.335
489, 敬二舅, 30.859
490, 现在是天才老头（doge, 2.427
491, 敬二舅, 10.073
492, 敬二舅, 26.037
493, 敬老实人, 49.461
494, 像人生海海里的上校, 6.137
495, ok, 206.615
496, 农村这种情况很多, 303.333
497, 敬二舅, 17.681
498, 敬二舅, 16.939
499, 呜呜呜，他公平，我也好想他, 128.701
500, 敬二舅, 27.594
501, 敬二舅, 38.405
502, 永远不要相信苦难是值得的，苦难就是苦难，苦难不会带来成功。苦难不值得追求, 0.845
503, 敬二舅, 29.034
504, 三刷, 2.776
505, 致敬二舅, 44.002
506, woc, 171.888
507, 那双手曾经是拿笔的啊, 341.295
508, 敬二舅, 48.319
509, 他公平, 129.803
510, 好像李宗盛的一首歌，好像叫小镇医生的故事, 335.161
511, 感觉河北邯郸, 23.761
512, 粤A陪一根, 358.939
513, 强烈建议写本《二舅》的传记，谁说只有名人伟人才能写传记, 1.353
514, 敬二舅, 25.699
515, 敬二舅, 79.728
516, 我觉得不如用土方法……, 40.381
517, 这画面感太强。, 0.225
518, 敬二舅, 24.68
519, 全部贴一遍，ok？, 201.519
520, ？, 15.517
521, 兄弟们，把弹幕打在公平上！, 133.699
522, 敬二舅, 23.286
523, 敬二舅, 37.064
524, 敬二舅, 15.072
525, 敬二舅, 49.319
526, 纪念堂 他, 172.264
527, 回想起我的舅爷，他已经去世, 188.786
528, 二舅哪年出生的？, 4.34
529, 每天一刷, 13.579
530, 敬二舅, 5.619
531, 敬二舅, 28.259
532, 首长：谢谢夸奖，有空常来, 165.439
533, 卧槽真的很牛, 182.939
534,   q。                   , 5.855
535, 二舅！, 322.63
536, 二舅本就脑子就很好  只不过腿不行了, 194.978
537, 好惨, 116.499
538, 可恶，为什么一个视频只能投两个币, 30.913
539, 这个拍成电影或电视剧会更火！, 104.719
540, 敬二舅, 14.659
541, 敬二舅, 84.42
542, 敬二舅, 72.693
543, 二舅好, 0.0
544, 起于线上，止于相望，渺渺神交一场, 1.699
545, 太可惜了, 183.42
546, 哭死, 188.135
547, 敬二舅, 25.564
548, 药物导致神经损伤，所以没办法了吗？, 55.591
549, 天才小老头, 0.49
550, 《1.6w人》, 1.92
551, 敬二舅, 25.233
552, 阿甘正传啊, 118.487
553, 敬二舅, 25.297
554, 六刷, 15.818
555, 看了还来, 20.999
556, 三刷，敬二舅, 14.673
557, 叛徒, 1.698
558, 旁注吻・高, 82.78
559, 敬二舅, 28.53
560, 敬二舅, 32.939
561, 敬二舅, 48.255
562, 敬二舅, 241.447
563, 三千三万+播放量了, 5.022
564, 跟我爸妈结婚时的柜子好像，简直一模一样，那个超豪华, 207.218
565, 跟我爸妈结婚时的h柜子简直一模一样，那个超豪华, 174.512
566, 泪目, 281.435
567, 敬二舅, 36.218
568, 啊啊, 3.559
569, 敬二舅, 28.539
570, 《币比赞多》, 5.299
571, 原来是变形记呀, 0.0
572, 敬二舅, 89.109
573, 1-7w, 324.119
574, 敬二舅, 48.74
575, 敬二舅, 71.317
576, 敬二舅, 248.304
577, 二舅, 187.822
578, 平平淡淡的讲述了一个细思极恐的故事。, 164.647
579, 从小生活在小镇上，我见过二舅这样的人, 53.273
580, 虽然生活没有如果，但是二舅这种人不打错针该有多好, 83.086
581, 用平实的文字语音书写了华夏民族的悟道，历史记录了，一直前进着，在路上至永远, 18.579
582, “不知道什么原因”, 107.63
583, 敬二舅, 15.418
584, 敬二舅, 18.139
585, Hi, 35.0
586, Salute, 46.0
587, 敬二舅, 24.201
588, 敬二舅！, 34.006
589, 敬二舅, 61.606
590, 办不下来也是因为只有他公平, 127.999
591, 我看一遍就会了, 207.356
592, 人生哪有剧本，都是在现场演出, 329.063
593, 敬二舅, 213.791
594, 二舅总有办法, 202.219
595, 现实版阿甘, 330.88
596, 在历史的巨轮下，每个人都如此渺小, 83.299
597, 《回村三天，闰土治好了我的精神内耗》, 0.677
598, 敬二舅, 7.583
599, 敬二舅, 62.87
600, 真正优秀的人都在埋头苦干 ，不像我在这里.., 4.294
601, wc, 181.365
602, 不知道那两个小孩子怎么样了，愿他们平安。, 306.685
603, 六舅, 58.392
604, 六舅, 58.392
605, 敬二舅, 12.423
606, 谢谢二舅！努力生活！争取做世界上第二快乐的人, 8.692
607, 不要乱打针, 0.932
608, 敬二舅, 152.605
609, 天才二舅, 185.385
610, 你们怎么办，只有天知道, 134.681
611, 敬二舅, 17.799
612, 你们怎么办，只有天知道, 142.583
613, 敬二舅, 195.79
614, 敬二舅, 18.458
615, 敬二舅, 174.239
616, 好牛, 182.479
617, 敬二舅, 24.694
618, 也许, 193.66
619, 敬二舅, 0.0
620, 敬二舅, 15.12
621, 刚被二舅治好，又被周公子背刺了。。, 0.233
622, 果然中国的小说和现实是同一个味道, 327.022
623, 硬核二舅, 10.762
624, 苯甲醇好像是, 74.633
625, 厉害, 173.097
626, 牛牛牛, 270.667
627, 公平, 149.194
628, 敬二舅, 29.736
629, 敬二舅, 19.019
630, 敬劳动者, 240.15
631, 敬二舅, 30.838
632, 敬二舅, 17.502
633, 真善美, 16.479
634, 敬二舅, 28.768
635, 笑着哭了, 50.037
636, 敬二舅, 22.099
637, 敬二舅, 22.059
638, 敬二舅！, 36.283
639, 敬二舅, 186.435
640, 。。, 2.259
641, 敬二舅, 17.189
642, 他是公平的，只是时代不公平, 129.015
643, 阿甘正传, 10.874
644, 敬二舅, 1.404
645, zhi, 15.778
646, 首长：谢谢夸奖, 121.377
647, 敬二舅, 3.598
648, 看到点在进来的给我点个赞, 0.0
649, 敬二舅, 1.503
650, 这个三连，我为二舅而投, 1.676
651, 他很爱家人, 182.167
652, 终于找到原视频了, 24.203
653, 敬二舅。, 21.553
654, 对首长的肯定, 162.499
655, 敬二舅, 26.295
656, 敬二舅, 20.177
657, 敬二舅, 261.686
658, 莫名有一种《活着》的感觉, 81.306
659, ？, 14.939
660, 敬二舅, 248.655
661, 没经历过苦难的人才会歌颂苦难, 0.023
662, 我们还是看看周公子朋友圈吧, 196.669
663, 我们看到的是周公子朋友圈, 210.365
664, 三天可以学会木匠?真神童也, 63.638
665, 敬二舅, 45.002
666, 刷好几遍了，还是想看, 132.137
667, 敬二舅, 16.233
668, 致敬, 28.299
669, 苦难是用来歌颂的，让你二舅说话可以，说不定他对现实很不满，强加意志给你二舅？, 2.419
670, 致敬二舅, 333.09
671, 房地产这时候就开始了吗, 239.039
672, 我在太原车上广播听到的, 15.485
673, 入站必刷, 9.748
674, 敬二舅, 17.05
675, 好厉害, 176.539
676, 二舅太牛了, 187.37
677, 这个时候就有照片了，只是画质糊一点，可以去问问长辈, 213.087
678, 史森明吗, 212.411
679, 敬二舅, 179.139
680, 敬二舅, 47.185
681, 致敬二舅, 7.664
682, 拉帮套, 286.639
683, 二万多的人都出来吧, 78.637
684, 敬二舅, 181.395
685, 敬二舅, 58.736
686, 保护, 7.583
687, 敬二舅, 27.774
688, 他公平, 122.459
689, 责任, 262.951
690, 580万硬币啊厉害死了哈哈, 5.699
691, 最大的悲哀：没人想成为二舅，却被逼着扮演起了二舅。, 349.019
692, 所谓情感, 304.499
693, 那个年代的婚姻几乎都是媒妁之言，父母之命, 286.74
694, 敬二舅, 18.765
695, 敬二舅, 68.236
696, 高看十眼, 189.819
697, 弹幕, 13.882
698, 突然想到余华的活着, 345.314
699, 敬二舅, 200.958
700, 谁也不想当二舅啊，都想当周公子, 6.459
701, 作者告诉我们不要乱打针，否则后果很严重, 5.579
702, 致敬每一个认真生活的人, 20.739
703, 敬二舅, 15.957
704, 或许你二舅他早已忘怀, 327.819
705, 贴牌家具石锤了, 203.546
706, 是金子果然到哪里都会发光！！！尊唐YYDS, 0.0
707, 回来点个三连, 8.711
708, 敬二舅, 0.0
709, 敬二舅, 12.906
710, 敬二舅, 49.182
711, 从苦难者身上汲取力量，又有谁去在意苦难者的苦难？, 80.37
712, 敬二舅, 3.545
713, 从苦难者身上汲取力量，又有谁去在意苦难者的苦难？, 107.29
714, 敬二舅, 10.979
715, 敬二舅, 31.978
716, 0:14, 278.078
717, 二舅好惨, 315.58
718, 每多一个二舅的故事，我就深感前路漫漫。不用人民负重前行的社会何时会来。, 53.158
719, 鲁迅, 60.98
720, 常看常新, 0.0
721, 昨天晚上班主任刚在班里面放过，今天回来就刷到了？！, 8.299
722, 二舅越多，周公子越舒服, 6.979
723, 敬二舅, 48.351
724, 敬二舅, 330.985
725, 致敬二舅！, 4.002
726, 敬二舅, 34.332
727, 全文背诵, 0.893
728, 929, 26.791
729, 敬二舅, 13.082
730, 致敬二舅, 18.879
731, ？？？, 286.419
732, 这家具厉害了, 186.939
733, 全世界无产者，联合起来！, 127.047
734, 致敬二舅，平凡又不平凡！, 16.939
735, 敬二舅, 18.126
736, 但是扛过苦难的人值得歌颂。, 53.721
737, 2.2万人？, 338.832
738, 敬苦难, 53.875
739, 敬二舅, 26.822
740, 敬二舅, 29.073
741, ？？？, 291.835
742, 我家的老厨柜也是超豪华ok的, 197.249
743, 敬二舅, 37.986
744, 《活着》, 28.382
745, 这是作者要表达的观点, 118.521
746, ？？, 282.569
747, 敬二舅, 23.939
748, 这是, 4.539
749, 敬二舅, 282.379
750, 敬二舅, 30.23
751, 闰土，祥子觉得很赞, 4.028
752, 致敬二舅，感谢作者！, 23.022
753, 致敬二舅, 105.653
754, 别忘了，那个时代的包办婚姻, 313.816
755, 敬二舅, 9.426
756, 个人推测。是青霉素，注射青霉素中含本甲醇，能提高青霉素溶解，但是也有可能导致肌肉坏死, 33.422
757, 火出圈了！, 1.593
758, 不！不！不！, 94.677
759, 敬二舅, 15.839
760, 苦难并不会摧毁人，奴役才会摧毁人。, 0.343
761, 镇站之宝啦, 5.45
762, 1200一条烟, 2.087
763," ""当埋怨自己没鞋穿的时候，却发现还有人没有脚。""", 0.585
764, 汲取力量, 87.105
765, 他公平, 120.745
766, 但是他是我的二舅, 198.465
767, 谁叫他是我的二舅呢, 199.985
768, 二舅真的慈眉善目, 353.374
769, 首长：糟了！我成搓背的了, 167.81
770, 老师让写观后感，再看一遍, 4.963
771, 难能可贵, 2.761
772, 敬二舅, 10.947
773, 敬二舅, 261.143
774, , 0.0
775, 啊，拆上几次就会修啦？！！ , 519.027
776, 哈哈哈哈哈哈世另我, 456.592
777, 真?全村的希望, 547.578
778, 这家伙，没瘸我觉得我们可能享受到二舅的科研成果, 563.185
779, 天呐…我从未想过的角度…却又那么的真实…, 378.268
780, 《我的超人二舅》, 494.605
781, 神仙下凡辛苦了, 467.114
782, 二舅可能都去设计火箭了, 562.706
783, 造化弄人，如果当时那个“庸医”治好了二舅我感觉二舅一定能过的风生水起, 495.135
784, 真的是让我又哭又笑, 458.379
785, 二舅是村里的柱子呀, 547.208
786, 年度最佳二舅纪录片, 629.375
787, 突然泪目，如果去了该去的大舞台，唉, 570.179
788, 哈哈哈哈哈哈哈哈可怜的老头, 456.068
789, 手机：我光荣啦！, 516.725
790, 物理题：画出二舅和姥姥的“位移-时间”曲线, 409.531
791, 文案太好了，淡淡的叙述让人落泪，币留不住了, 614.27
792, 二舅实际上是在守护着村子呀！, 543.509
793, woc太对了！！！, 432.586
794, 二舅就是奇才！, 585.305
795, 如果世界末日后只剩下最后一个人，那一定是“他二舅”！, 480.005
796, 哈哈哈哈哈哈二舅和姥姥好可爱, 403.114
797, 绝了文案 真的想哭又想笑, 579.712
798, 哈哈哈，幸亏卦不是自己写的, 481.272
799, 几年后，二舅突破芯片3nm节点, 520.877
800, 插线板电源忘打开太真实了，哈哈哈哈哈哈哈, 456.582
801, 《拆上几次也会修了》, 516.848
802, 这几句话的格局其实很大，反应了现在农村了现实, 529.24
803, 快 手 阿 修, 437.634
804, 六边形战士, 478.666
805, 最代表现代化和最贵的三样, 511.091
806, 一个腿脚不方便的人，却活成了全村的拐杖, 551.168
807, 二舅一辈子都在创造和修复，包括他自己, 449.766
808, 《二舅总有办法》, 495.698
809, 看到宁宁珠圆玉润大包小裹带着老公孩子杀回二舅家里，真的觉得好温馨, 430.575
810, 遗憾在电影里是主角崛起前戏，在生活里是让人沉沦的毒药, 619.394
811, 《俗世奇才》, 506.9
812, 两年后，二舅成功研制出0.5nm SoC, 522.847
813, 超酷的OK, 390.756
814, 明年就变成6789组合了, 388.792
815, 我们理应认可平凡的自己，以及小资生活以外的生活方式。, 586.952
816, 哈哈哈哈哈哈伤感又幽默, 456.559
817, 我差点以为你在出题了, 406.374
818, 说不好过几年能写个app出来, 518.693
819, 点名批评弟弟, 504.6
820, 哭死我了，但二舅遗憾吗？, 591.94
821, 手机：我滴任务……, 517.057
822, 小孩是小，不是瞎, 432.075
823, 学霸之所以是学霸，除了能搞深入研究，还有一种就是能帮到 所有身边人, 536.544
824, 其实二舅一直都是个天才少年 只是有扇窗被关了, 473.685
825, 机械系毕业生表示都不会这么多, 444.334
826, “不要光赞美高耸的山峰，平原和丘陵也一样不朽”, 404.065
827, 全村的“上校”, 548.285
828, 二舅是村里的守护神，他是来守护这块土地的, 537.795
829, 点名批评, 503.849
830, 曹禺：上帝先让人们丑陋，然后使他们不再惧怕死亡, 375.369
831, 手机带着使命来到二舅身边, 517.902
832, 年轻人都走了，只剩老年人和村子一起老去, 533.321
833, 哈哈哈哈看到这里又哭又笑, 455.612
834, 二舅可怜但不落魄, 589.803
835, 这在走近科学能拍十集, 455.821
836, 上帝给二舅关上了一扇门，二舅自己修成了全景别墅, 583.615
837, 现在他是余华笔下坎坷而伟大的普通人, 577.554
838, 突然想起来开头说二舅是天才少年...此言不虚, 481.846
839, 啊！！！！！呜呜呜呜这里真的太美好了！！！！, 430.067
840, 如果出生在21世纪，你二舅大概进中科院了已经, 475.803
841, 如若没有那场意外，他现在该过着怎样的生活。, 475.395
842, 这文案值得学习一辈子, 388.486
843, 《点 名 表 扬》, 502.561
844, 每个村都有一个树先生, 601.874
845, 还好，这段视频让天下人都认识了二舅, 586.865
846, 《可怜的老头》, 457.187
847, 歪子？扛把子！, 548.474
848, 靠这一句“可怜的老头”我本来笑了一声然后又哭了, 456.828
849, 二舅如果考上大学现在一定在中科院吧, 519.451
850, 过两年，二舅能写代码编程了, 518.258
851, 这个歪子比大多数人走得都正, 551.634
852, 木水电全栈工程师, 445.417
853, 这个盒子好有趣好巧妙hhh, 437.822
854, 二舅就是村子里的守护神！！！！！！！！！！！！！！！！！！！！！, 539.712
855, 「小孩是小，不是瞎。」, 433.02
856, 六边形战士二舅, 475.458
857, 嬉皮笑脸, 502.538
858, 谁说二舅这样的平凡人比不上栋梁？, 532.716
859, 在这个领域他是院士, 451.288
860, 《二舅总有办法》, 474.899
861, 如果当年不是那位医生，可能二舅现在造的就是这些了吧, 511.452
862, 《二舅总有办法》, 491.567
863, 仔细看这个短视频里也都是做手工活的视频, 517.323
864, 我觉得过两年二舅能做芯片了, 522.221
865, 逼姥姥锻炼太真实了哈哈哈哈哈哈, 399.284
866, 马上6789了，更酷, 389.675
867, 《赤脚医生手册》, 462.103
868, 但我们每个人都清楚，歪子比谁都正, 548.168
869, 《我善解人意的哥哥》, 502.471
870, 这在老北京，得叫声“歪爷”, 547.654
871, 来人，把光刻机给二舅拿上来, 517.23
872, 如果没有那场病，二舅说不定就是一个高级工程师, 477.118
873, 中国还有无数个二舅, 596.586
874, 此弟不宜久留, 502.477
875, 这位歪子是全村的柱子, 547.35
876, 说不定会成为冯骥才笔下的俗世奇人呢, 580.137
877, 卧槽真・六边形战士, 475.409
878, 一个需要支柱的人却成了全村的支柱, 530.423
879, 是二舅顾住了整个村的乡亲们，却唯独没有顾得上自己, 545.077
880, 《放》《随身携带》, 383.766
881, 双斑锦蛇：无毒蛇，性格温顺(不粗暴对待无危险), 492.819
882, 还记得一开始别人口中的不懂礼貌么？, 424.146
883, 上帝给二舅关了一扇窗，二舅自己打了一个三室一厅, 550.399
884, 这个盒子太酷了！, 436.62
885, 如果没有那场医疗事故的话，二舅应该能走的很远吧, 487.939
886, 端正的死亡观在这个时代很珍贵, 367.852
887, 此弟不宜久留, 506.022
888, 「小孩是小，不是瞎」7个字让我破防了, 431.825
889, 明年6789更酷我真的笑死, 392.253
890, 二舅！你能造光刻机不？, 516.897
891, 二舅是社会底层闪闪发光的六边形战士！！！, 479.679
892, 《我的冤种弟弟》, 504.133
893, 魔法师, 442.733
894, 明年是：6789组合酷的要死, 389.721
895, 人生最大的遗憾，就是一直在遗憾过去的遗憾, 614.227
896, 《露脸表扬》, 502.305
897, 六边形工匠！, 446.956
898, 小孩是小，不是瞎。说到心坎里了, 432.678
899, 下笔记本上面一句是，宁可自己鲜血流，祖国的寸土不能丢, 667.515
900, 《拆 上 几 次》, 517.888
901, 原来文明6村民告诉你核聚变的秘密是有道理的, 532.761
902, 六边形战士, 476.001
903, 如果二舅生活在一个家境好的地方，他会是一个伟大的科学家。, 534.888
904, 行动就是最好的老师, 424.26
905, 此弟不宜久留, 503.533
906, 鲁迅的表达方式内在就是普通百姓的调调。不论什么故事，在叙说普通百姓，自然会有鲁迅的味道, 364.009
907, “生不逢时”倒不如说是“天妒英才”, 564.482
908, 小孩是小，不是瞎！, 431.657
909, 也许是上天派二舅做全村的守护神做小家的明灯, 560.365
910, 弟弟：好哥哥我谢谢你哦……, 502.973
911, 此弟不宜久留, 502.813
912, 《挂》, 482.201
913, 二舅：甭拍了，你这孩儿走嘞还谋我快, 671.527
914, 下面是“全国人民团结起来，争取更大的胜利”, 664.321
915, 还在这里发“如果”没明白UP的良苦用心啊，就是告诉大家不要遗憾，活在当下, 522.475
916, 六边形二舅, 472.703
917, “小孩是小，不是瞎” 精髓, 431.874
918, 此弟不宜久留, 502.262
919, 《华强北劲敌》, 517.035
920, 如果二舅当时没有放弃学业会不会是现在已经是一位中国的大牛, 472.533
921, 有一个早晨，我扔掉了所有的昨天，从此我的脚步就轻盈了, 607.555
922, 敬二舅, 664.13
923, 文案，建议纳入教材, 538.678
924, 敬二舅, 660.341
925, 、、、、、、、、、、、, 610.954
926, 敬二舅！, 647.695
927, 好好学中医吧, 568.394
928, 敬二舅, 638.487
929, 敬二舅, 600.826
930, 生活根本干扰不了他, 587.519
931, 敬二舅, 592.216
932, 敬二舅, 591.883
933, 敬二舅, 662.227
934, 敬二舅, 675.091
935, 敬二舅, 685.019
936, 臣密今年, 387.041
937, 敬二舅, 587.056
938, 二舅好厉害啊, 477.67
939, 敬二舅, 685.853
940, 敬二舅, 591.222
941, 敬二舅, 586.203
942, 敬二舅, 634.441
943, 敬二舅, 591.851
944, 敬佩, 677.728
945, 敬二舅, 655.678
946, 敬二舅, 618.816
947, 敬二舅, 629.939
948, 进二舅, 603.675
949, 敬二舅, 605.955
950, 敬二舅, 627.631
951, 敬二舅, 634.955
952, 敬二舅, 643.253
953, 敬二舅, 675.606
954, 敬二舅, 675.606
955, 敬二舅, 614.459
956, 敬二舅, 686.425
957, 敬二舅, 645.821
958, 眼泪不争气的流了下来, 683.129
959, 敬二舅, 675.95
960, 敬二舅, 589.23
961, 敬二舅, 659.895
962, 从视频里看到的是现代人丰富的物质条件，但贫瘠的精神力量。对贫瘠的物质条件，但丰富强健的精神力量的羡慕甚至嫉妒。, 688.0
963, 敬二舅, 603.125
964, 敬二舅！, 624.587
965, 全国人民团结起来，争取更大的胜利！, 673.853
966, 敬二舅, 585.382
967, 敬二舅, 629.995
968, 敬二舅, 591.579
969, 敬二舅, 592.946
970, 敬二舅, 632.793
971, 6边形, 477.707
972, 敬二舅, 593.507
973, 敬二舅, 659.419
974, 下一个python就有了, 496.707
975, 敬二舅, 650.479
976, 敬二舅, 686.946
977, 敬二舅, 680.05
978, 哈哈哈哈, 505.548
979, 敬二舅, 642.312
980, ？？？, 469.678
981, 敬二舅, 627.541
982, 敬二舅, 679.701
983, 敬二舅, 675.719
984, 为什么我哭的那么厉害, 490.372
985, 敬二舅, 583.717
986, 敬二舅, 682.121
987, 二舅是天才不是一般人   所以不用模仿  学不来, 680.499
988, 敬二舅, 591.239
989, 敬二舅, 604.44
990, 敬二舅, 632.099
991, 敬二舅, 591.512
992, 敬二舅, 659.539
993, 敬二舅, 491.199
994, 敬二舅, 598.429
995, 敬二舅，也敬天下默默的我们和他们, 650.692
996, 敬二舅, 598.499
997, 敬二舅, 686.66
998, 阅读理解是吧, 554.22
999, 芯片有救了, 581.237
1000, 敬二舅, 653.942
1001, 敬二舅, 601.974
1002, 敬二舅！, 685.156
1003, 敬二舅, 586.717
1004, 敬二舅, 651.513
1005, 敬二舅, 674.433
1006, 致敬二舅, 651.66
1007, 敬二舅, 593.125
1008, 敬二舅, 583.33
1009, 敬二舅, 681.605
1010, er好家伙写轮眼是吧, 518.246
1011, 敬二舅, 584.502
1012, 敬二舅, 595.019
1013, 敬二舅, 647.899
1014, 敬二舅, 591.243
1015, 敬二舅, 649.389
1016, 致敬二舅, 683.03
1017, 敬二舅, 682.276
1018, 敬二舅, 655.234
1019, 敬二舅, 612.686
1020, 敬二舅, 656.42
1021, 卧槽你为什么能这么幽默地讲悲剧, 436.464
1022, 敬二舅, 589.794
1023, 敬二舅, 683.767
1024, 哎呀 这不走进科学吗, 457.059
1025, 敬二舅！！！, 600.427
1026, 敬二舅, 680.509
1027, 敬二舅！, 684.99
1028, 敬二舅, 591.887
1029, 经二舅, 591.285
1030, 敬二舅, 658.293
1031, 敬二舅, 678.833
1032, 敬二舅, 678.922
1033, 敬二舅, 678.914
1034, 无所不能的二舅, 476.814
1035, 敬二舅, 594.113
1036, 没有华丽的语言去赞美只用两字代替：真好, 688.0
1037, 致敬二舅, 612.579
1038, 全能二舅, 469.83
1039, 敬二舅, 591.665
1040, 敬二舅, 685.667
1041, 想投一个硬币给平凡人，给普通人，给二舅。, 494.067
1042, 敬二舅, 593.019
1043, 敬二舅, 685.667
1044, 敬二舅, 649.665
1045, 敬二舅, 677.032
1046, 敬二舅, 683.499
1047, 敬二舅, 671.523
1048, 敬二舅, 638.681
1049, 敬二舅, 644.142
1050, 敬礼！, 682.834
1051, 敬二舅, 688.0
1052, 敬二舅, 678.979
1053, 敬二舅, 589.905
1054, 敬二舅, 593.107
1055, 敬二舅, 684.173
1056, 敬二舅, 683.465
1057, 敬二舅, 675.522
1058, 敬二舅, 679.996
1059, 致敬二舅, 539.319
1060, 敬二舅, 629.489
1061, 敬二舅, 633.325
1062, 敬二舅, 653.422
1063, 敬二舅, 610.062
1064, 敬二舅, 615.502
1065, 敬二舅, 621.563
1066, 敬二舅, 627.338
1067, 敬二舅, 634.884
1068, 敬二舅, 659.573
1069, 敬二舅, 640.531
1070, 敬二舅, 646.234
1071, 敬二舅, 616.39
1072, 敬二舅, 682.373
1073, 敬二舅, 654.89
1074, 敬二舅, 666.37
1075, 敬二舅, 672.451
1076, 敬二舅, 462.306
1077, 文笔太牛逼了, 613.943
1078, 二舅真酷, 477.772
1079, 敬二舅, 597.307
1080, 敬二舅, 591.499
1081, 敬二舅, 671.153
1082, 敬二舅, 685.874
1083, 敬二舅, 685.246
1084, 敬二舅, 601.891
1085, 敬二舅, 593.419
1086, 敬二舅, 604.735
1087, 敬二舅, 672.231
1088, 敬二舅, 584.205
1089, 敬二舅, 589.219
1090, 太会总结了, 637.033
1091, 敬二舅, 656.531
1092, 1万+朋友们好, 681.167
1093, 敬二舅, 620.872
1094, 敬二舅, 590.68
1095, 敬二舅, 672.025
1096, 敬二舅, 661.364
1097, 敬二舅, 687.008
1098, 敬二舅, 620.142
1099, 敬二舅, 596.537
1100, 敬二舅, 646.714
1101, 敬二舅, 625.339
1102, 这水平余华直呼内行。, 571.9
1103, 敬二舅, 596.757
1104, 敬二舅, 589.336
1105, 敬二舅, 592.337
1106, 敬二舅, 677.805
1107, 敬二舅, 614.055
1108, 敬二舅, 682.132
1109, 敬二舅, 669.812
1110, 敬二舅, 591.135
1111, 敬二舅, 656.109
1112, 致敬二舅, 602.419
1113, lil, 687.008
1114, 敬二舅, 623.67
1115, 敬二舅, 641.154
1116, Hello树先生, 607.224
1117, 敬二舅, 590.249
1118, 敬二舅, 641.004
1119, 每个村子里，都有这样的二舅，敬二舅, 409.944
1120, 哈哈哈哈哈哈, 460.667
1121, 敬二舅, 683.795
1122, 敬二舅, 617.099
1123, 7.29  3309.5万, 388.584
1124, 敬二舅, 672.314
1125, 敬二舅, 597.674
1126, 今天在China Daily看到二舅啦, 591.599
1127, 能给二舅整个光刻机不??, 521.558
1128, 敬二舅, 629.411
1129, 敬二舅, 610.329
1130, ？？？？好牛逼, 471.099
1131, 敬二舅, 634.624
1132, 敬二舅, 677.404
1133, 敬二舅, 686.182
1134, 敬二舅, 678.642
1135, 敬二舅, 633.538
1136, 敬二舅, 646.665
1137, 敬二舅, 644.501
1138, 敬二舅, 675.703
1139, 敬二舅, 598.348
1140, 过两年二舅转行程序员了, 516.439
1141, 敬二舅, 682.621
1142, 敬二舅, 685.421
1143, 敬二舅, 623.339
1144, 敬二舅, 646.64
1145, 敬二舅, 656.855
1146, 敬二舅, 632.561
1147, 敬二舅, 630.623
1148, 敬二舅, 599.149
1149, 致二舅, 643.578
1150, 敬二舅, 592.618
1151, 敬二舅, 590.019
1152, 敬二舅, 590.202
1153, 敬二舅, 629.659
1154, 敬二舅, 625.625
1155, 敬二舅, 637.547
1156, 敬二舅, 588.542
1157, 敬二舅, 632.642
1158, 敬二舅, 676.88
1159, 敬二舅, 656.318
1160, 敬二舅, 599.22
1161, 敬二舅, 603.534
1162, 敬二舅, 594.611
1163, 敬二舅, 635.982
1164, 敬二舅, 614.113
1165, 酷, 394.979
1166, 敬二舅, 597.542
1167, 敬二舅, 611.689
1168, 敬二舅, 585.986
1169, 敬二舅, 666.606
1170, 敬二舅, 672.821
1171, 胜利, 668.773
1172, 哪里不酷了，他活得多酷，我们这些在大城市卑微打工的人活的不如狗, 484.519
1173, 敬二舅, 601.93
1174, 敬二舅, 592.056
1175, 敬二舅, 597.689
1176, 敬二舅。, 676.632
1177, 敬二舅, 620.249
1178, 敬二舅, 500.259
1179, 敬二舅, 597.386
1180, 可我厌恶苦难, 380.981
1181, 敬二舅, 648.28
1182, 敬二舅, 643.376
1183, 敬二舅, 628.762
1184, 敬二舅, 665.229
1185, 太棒了！, 686.259
1186, 敬二舅, 652.887
1187, 敬二舅, 592.489
1188, 万能的二舅, 491.462
1189, 敬二舅, 599.752
1190, 敬二舅, 620.14
1191, 敬二舅, 671.353
1192, 敬二舅, 630.259
1193, 敬二舅, 592.546
1194, 泪目了, 596.538
1195, 敬二舅, 598.179
1196, 敬二舅, 592.7
1197, 敬二舅, 593.893
1198, 敬二舅！, 585.704
1199, 敬二舅, 586.699
1200, 手工耿, 489.714
1201, 敬二舅, 651.215
1202, 敬二舅, 599.689
1203, 万能的二舅, 476.059
1204, 树先生是什么意思, 601.921
1205, 敬二舅, 614.105
1206, 敬二舅, 646.049
1207, 敬二舅！, 683.082
1208, 敬二舅, 659.602
1209, 什么宁宁那是你大表姐, 531.064
1210, 敬二舅, 581.551
1211, 敬二舅, 682.178
1212, 敬二舅, 592.675
1213, 敬二舅, 650.849
1214, 敬二舅, 594.781
1215, 敬二舅, 591.02
1216, 敬二舅, 666.124
1217, 敬二舅, 680.731
1218, 敬二舅, 676.405
1219, 你币有了, 649.835
1220, 某光头表示很赞, 640.005
1221, 敬二舅！, 677.139
1222, 敬二舅, 659.322
1223, 某光头表示很赞, 643.226
1224, 敬二舅, 663.802
1225, 敬二舅, 674.639
1226, 敬二舅, 680.652
1227, 敬二舅, 686.337
1228, 敬二舅！, 675.179
1229, 敬二舅, 591.123
1230, 敬二舅, 610.759
1231, 敬二舅, 684.02
1232, 敬二舅, 620.859
1233, 致二舅, 674.859
1234, ？？？, 629.944
1235, 敬二舅, 591.162
1236, 敬二舅, 682.979
1237, 敬二舅, 604.546
1238, 这字真漂亮, 480.732
1239, 敬二舅, 592.419
1240, ？？？？？, 467.361
1241, 敬二舅, 592.899
1242, 宁愿自己鲜血流，祖国的寸土不可丢, 664.014
1243, 敬二舅, 590.78
1244, 敬二舅, 685.302
1245, 敬二舅, 600.477
1246, 敬二舅, 658.869
1247, 敬二舅, 658.869
1248, 敬二舅, 621.474
1249, 敬二舅, 641.392
1250, 敬二舅, 598.059
1251, 敬二舅, 665.267
1252, 敬二舅, 684.058
1253, 敬二舅, 685.571
1254, 敬二舅, 685.81
1255, 敬二舅, 598.203
1256, 敬二舅, 591.218
1257, 敬二舅, 587.542
1258, 敬二舅, 584.934
1259, 敬二舅, 676.41
1260, 敬二舅, 601.919
1261, 敬二舅，敬自己, 680.759
1262, 满分作文, 661.019
1263, 敬二舅, 646.511
1264, 敬二舅, 621.701
1265, 敬二舅, 635.215
1266, 敬二舅, 591.914
1267, jing   er   jiu, 615.892
1268, 那种勃勃生机、万物竞发的境界，犹在眼前, 641.288
1269, 那种勃勃生机、万物竞发的境界，犹在眼前, 641.288
1270, 某光头表示很赞, 640.746
1271, 敬二舅, 596.615
1272, 下面有手抄的东方红歌词, 667.579
1273, 敬二舅, 591.207
1274, 敬二舅, 595.009
1275, 感觉二舅什么都会, 648.868
1276, 敬二舅, 599.445
1277, 敬二舅, 644.629
1278, 敬二舅, 674.791
1279, 敬二舅, 681.332
1280, 这个结局好好, 434.405
1281, 牛牛牛, 467.045
1282, 敬二舅, 678.738
1283, 敬二舅, 591.602
1284, 敬二舅, 676.558
1285, 敬二舅, 540.299
1286, 敬二舅, 668.104
1287, 致二舅, 591.501
1288, 还有电焊机！, 510.288
1289, 看的我哭的稀里哗啦, 489.47
1290, 敬二舅, 677.496
1291, 可能就走了, 566.864
1292, 可是我什么也没做好, 658.714
1293, 也要看沉迷什么游戏，有些东西不必沉迷。, 543.739
1294, 看看我这一生，四肢健全，会这么多事情，天天还在抱怨，无言以对, 567.347
1295, 敬二舅, 654.344
1296, 敬二舅, 629.109
1297, 敬二舅！, 615.907
1298, 苏式彩画, 464.469
1299, 敬二舅, 681.305
1300, 致敬, 432.699
1301, 敬二舅, 680.396
1302, 敬二舅, 590.122
1303, 这么有能力还过不好，老天到底想让他好还是不好？, 545.408
1304, 敬二舅, 588.699
1305, 敬二舅, 615.751
1306, 敬二舅, 589.239
1307, 这个盒子好有创意, 441.703
1308, jingyejiu, 685.267
1309, 敬二舅, 680.634
1310, 敬二舅！, 597.794
1311, jingerjiu, 685.14
1312, 敬二舅, 592.019
1313, 天啊真的《总有办法》, 479.902
1314, 中国版《A山节考》, 381.599
1315, 敬二舅, 593.266
1316, 手工耿老年版, 500.115
1317, 敬二舅, 663.066
1318, 敬二舅, 621.001
1319, 敬二舅, 684.579
1320, 敬二舅, 657.358
1321, 敬二舅, 590.658
1322, 敬二舅, 583.434
1323, 敬二舅, 659.806
1324, 敬二舅, 605.032
1325, 敬二舅, 589.379
1326, 敬二舅, 596.539
1327, 敬二舅, 593.159
1328, 敬二舅, 682.976
1329, 敬二舅, 681.637
1330, 敬二舅, 632.185
1331, 敬二舅, 596.65
1332, 泪流满面, 420.418
1333, 敬二舅, 647.817
1334, 敬二舅, 593.235
1335, 敬二舅, 667.137
1336, 敬二舅, 679.162
1337, 敬二舅, 682.236
1338, 敬二舅, 635.365
1339, 敬二舅, 612.918
1340, 敬二舅, 677.527
1341, 敬二舅, 585.939
1342, 敬二舅, 593.639
1343, 这个声音口语有点像老鹰, 636.818
1344, 敬二舅, 643.339
1345, 敬二舅, 596.819
1346, 敬二舅, 685.684
1347, ？？, 502.848
1348, 敬二舅, 595.996
1349, 敬二舅, 595.258
1350, 敬二舅, 641.68
1351, 敬二舅, 682.194
1352, 敬二舅, 686.9
1353, 二舅治愈了我, 632.139
1354, 敬二舅, 650.399
1355, 二舅, 583.312
1356, 敬二舅, 670.59
1357, 帕金森, 426.419
1358, 敬二舅, 638.098
1359, 敬二舅, 685.339
1360, 敬二舅, 638.859
1361, 敬二舅, 644.387
1362, 敬二舅, 620.971
1363, 敬二舅, 585.539
1364, 敬二舅, 622.3
1365, 敬二舅！, 679.752
1366, 敬二舅, 615.909
1367, 敬二舅, 593.123
1368, 敬二舅, 634.079
1369, 敬二舅, 627.643
1370, 敬二舅, 685.564
1371, 敬二舅, 589.179
1372, 敬二舅！, 589.699
1373, 高手在人间, 534.542
1374, 敬二舅, 617.088
1375, 敬二舅, 660.612
1376, 敬二舅, 627.188
1377, 敬二舅, 633.059
1378, 敬二舅, 590.774
1379, 敬二舅, 642.858
1380, 敬二舅, 681.619
1381, 敬二舅, 589.698
1382, 敬二舅, 594.339
1383, 敬二舅, 588.539
1384, 敬二舅, 628.752
1385, 敬二舅, 628.381
1386, 敬二舅, 670.929
1387, 文心雕龙, 474.464
1388, 敬二舅, 679.251
1389, 敬二舅, 657.931
1390, 敬二舅, 645.739
1391, 哈哈哈, 642.75
1392, 敬二舅, 659.505
1393, 敬二舅, 624.856
1394, 敬二舅, 665.02
1395, 扛把子, 563.006
1396, 敬二舅, 684.044
1397, 敬二舅, 588.851
1398, 敬二舅, 605.474
1399, 敬二舅, 593.291
1400, 敬二舅, 681.454
1401, 敬二舅, 624.664
1402, 敬二舅, 593.407
1403, 敬二舅, 617.491
1404, 敬二舅, 620.721
1405, 敬二舅, 592.445
1406, 敬二舅, 595.313
1407, 敬二舅, 590.299
1408, 唉, 584.445
1409, 敬二舅, 612.498
1410, 敬二舅, 661.735
1411, 致敬二舅, 588.039
1412, 敬二舅, 595.879
1413, 敬二舅, 659.433
1414, 敬二舅, 680.08
1415, 敬二舅, 672.588
1416, 敬二舅, 616.141
1417, 敬二舅, 600.778
1418, 身体健康和留恋没关系。, 375.065
1419, 敬二舅, 581.024
1420, ？, 466.579
1421, 敬二舅, 671.894
1422, 敬二舅, 643.605
1423, 敬二舅, 610.856
1424, 敬二舅, 593.367
1425, ？？？？？？？？？？？？？？？？？？, 475.919
1426, 敬二舅, 632.659
1427, 敬二舅, 593.659
1428, 敬二舅, 585.041
1429, 敬二舅, 678.507
1430, 敬二舅, 597.978
1431, 敬二舅, 684.351
1432, 敬二舅, 660.399
1433, 敬二舅, 597.961
1434, 敬二舅, 593.859
1435, 遗憾才是青春, 595.219
1436, 泪目了, 597.419
1437, 路上顺便做了件衣服换上了, 453.287
1438, 敬二舅, 594.91
1439, 异世界二舅, 515.878
1440, 敬二舅, 676.08
1441, 敬二舅, 685.089
1442, 敬二舅, 615.806
1443, 敬二舅, 625.006
1444, 敬二舅, 593.665
1445, 敬二舅, 631.806
1446, 敬二舅, 592.188
1447, 敬二舅, 624.838
1448, 哈哈哈哈哈哈, 457.863
1449, 敬二舅, 682.786
1450, nb, 479.452
1451, 敬二舅, 611.438
1452, 敬二舅, 673.339
1453, 太遗憾了，致敬二舅, 600.775
1454, 敬二舅, 685.147
1455, 一点三万人正在看, 563.065
1456, 敬二舅, 676.97
1457, 我觉得我就是个残废的人, 497.074
1458, 敬二舅, 684.517
1459, 敬二舅, 596.442
1460, 敬二舅, 612.743
1461, 敬二舅, 678.377
1462, 敬二舅, 682.899
1463, 二舅就是村子里的守护神！！！！！！！！！！！！！！！！！！！！！, 558.394
1464, 敬二舅, 678.377
1465, 敬二舅, 678.377
1466, 敬二舅, 678.377
1467, 敬二舅, 678.377
1468, 下定决心，不怕牺牲，排除万难，去争取胜利, 669.972
1469, 敬二舅, 594.417
1470, 敬二舅, 678.377
1471, 敬二舅, 678.377
1472, 敬二舅, 678.377
1473, 敬二舅, 597.905
1474, 敬二舅, 678.377
1475, 下定决心，不怕困难。排除万难，去争取胜利, 661.634
1476, 敬二舅, 678.377
1477, 敬二舅, 583.21
1478, 敬二舅, 655.331
1479, 敬二舅, 611.677
1480, 敬二舅, 582.539
1481, 敬二舅, 677.516
1482, 敬二舅, 598.447
1483, 六边形战士！, 468.558
1484, 敬二舅, 653.792
1485, 树先生可不快乐，是悲痛哀伤, 626.577
1486, 敬二舅, 597.259
1487, 敬二舅, 685.5
1488, 敬二舅, 599.279
1489, 敬二舅, 646.877
1490, 敬二舅, 658.172
1491, 敬二舅！, 680.579
1492, 敬二舅, 580.503
1493, 敬二舅, 621.019
1494, 敬二舅, 637.618
1495, 弟弟可爱, 503.481
1496, 敬二舅, 599.233
1497, 敬二舅, 676.125
1498, 敬二舅, 683.438
1499, 太厉害了, 468.089
1500, 敬二舅, 646.484
1501, 这两个币，就当作是我敬二舅的了, 480.218
1502, 敬二舅, 677.138
1503, 我靠, 470.227
1504, 敬二舅, 580.779
1505, 敬二舅, 606.973
1506, 太遗憾了真的很遗憾, 596.297
1507, 敬二舅, 582.193
1508, 敬二舅, 648.563
1509, 敬二舅, 596.924
1510, 敬二舅, 651.831
1511, 敬二舅, 635.113
1512, 我想到了王爷爷 555, 384.744
1513, 敬二舅, 600.442
1514, 敬二舅, 654.185
1515, 敬二舅, 633.316
1516, 平凡但又不平凡的一生, 542.718
1517, 亲情浓厚, 436.515
1518, 敬, 683.123
1519, 敬二舅, 683.224
1520, 敬二舅, 675.126
1521, 敬二舅, 598.581
1522, jinger敬二舅, 680.014
1523, 牛, 584.602
1524, 敬二舅, 679.979
1525, 敬二舅, 684.858
1526, 拽面吗, 417.204
1527, 平凡而又伟大, 549.156
1528, 敬二舅, 678.03
1529, 敬二舅, 682.359
1530, 敬二舅, 611.618
1531, 敬二舅, 585.025
1532, 敬二舅, 631.749
1533, 敬二舅, 654.834
1534, 敬二舅, 589.32
1535, 敬二舅, 681.111
1536, 敬二舅, 596.166
1537, 敬二舅, 645.515
1538, 敬二舅, 681.28
1539, 平凡却又伟大, 673.966
1540, 敬佩, 632.671
1541, 敬二舅, 627.47
1542, 敬二舅, 613.847
1543, ？？？, 461.592
1544, 我也有二舅, 643.339
1545, 敬二舅, 614.14
1546, 敬二舅, 675.706
1547, 敬二舅, 637.99
1548, 不公已过，走向未来, 407.265
1549, 敬二舅, 593.425
1550, 敬二舅, 591.337
1551, 敬二舅, 642.566
1552, 敬二舅, 680.677
1553, 敬二舅, 605.936
1554, 敬二舅！, 595.939
1555, 敬二舅, 658.727
1556, 敬二舅, 589.622
1557, 敬二舅, 600.179
1558, 敬二舅, 651.059
1559, 敬二舅, 601.01
1560, 敬二舅, 640.565
1561, 敬二舅, 589.618
1562, 敬二舅, 651.42
1563, 敬二舅, 680.379
1564, 敬二舅, 680.701
1565, 敬二舅, 588.338
1566, 敬二舅, 623.777
1567, 敬二舅, 591.641
1568, 敬二舅, 594.401
1569, 必须三连！！！！！, 684.439
1570, 敬二舅, 673.035
1571, 敬二舅, 646.629
1572, 笑着笑着就哭了, 607.484
1573, 敬二舅, 594.979
1574, 敬二舅, 598.908
1575, 敬二舅, 674.85
1576, 平凡中的不平凡，敬佩！, 551.893
1577, 哈哈哈哈哈哈, 458.659
1578, 救命，从头哭到尾, 623.602
1579, 敬二舅, 678.011
1580, 敬二舅, 678.659
1581, 敬二舅, 585.119
1582, 敬二舅, 590.859
1583, 敬二舅, 584.555
1584, 太酷了, 491.419
1585, 敬二舅, 580.479
1586, 敬二舅, 589.2
1587, 敬二舅, 675.619
1588, 敬二舅, 623.04
1589, 敬二舅, 646.183
1590, 写本书吧, 617.742
1591, 敬二舅, 611.595
1592, 敬二舅, 622.619
1593, 此弟不宜久留, 513.559
1594, 敬二舅, 643.526
1595, 强烈建议写本关于《二舅》的传记，谁说只有名人伟人才能写传记, 626.464
1596, 妈呀！哭了, 548.682
1597, 敬二舅, 678.079
1598, 敬二舅, 633.114
1599, 敬二舅, 597.285
1600, 敬二舅, 674.14
1601, 敬二舅, 606.066
1602, 敬二舅, 681.399
1603, 敬二舅, 613.851
1604, 敬二舅, 677.38
1605, 敬二舅, 677.743
1606, 敬二舅, 596.727
1607, 敬二舅, 643.583
1608, 敬二舅, 676.417
1609, 敬二舅, 640.961
1610, 敬二舅, 492.212
1611, 哈哈哈哈哈哈哈哈哈, 458.372
1612, 敬二舅, 678.051
1613, 二舅活了，抖音上的大伯二伯也活了, 610.863
1614, 敬二舅, 682.928
1615, 敬二舅, 635.679
1616, 敬二舅, 593.994
1617, 我才是废人吧, 481.744
1618, 敬二舅, 648.617
1619, 敬二舅, 585.945
1620, 敬二舅, 630.411
1621, 敬二舅, 684.333
1622, 被针耽误的工程院士, 571.652
1623, 敬二舅, 646.978
1624, 敬二舅, 589.739
1625, 敬二舅, 683.111
1626, 敬二舅, 683.799
1627, 敬二舅, 592.032
1628, 敬二舅敬所有像二舅这样命运坎坷却活出自我的人, 683.13
1629, 敬二舅, 592.139
1630, 敬二舅, 585.859
1631, 敬二舅, 649.061
1632, 致敬, 614.037
1633, 敬二舅, 675.03
1634, 敬二舅, 599.871
1635, 敬二舅, 604.059
1636, 敬二舅, 608.859
1637, 敬二舅, 686.9
1638, 敬二舅, 683.774
1639, 敬二舅, 678.921
1640, 我有个舅舅也叫歪子, 552.66
1641, 敬二舅，敬所有, 681.799
1642, 我流泪了, 449.237
1643, 敬二舅, 604.719
1644, 敬二舅, 584.318
1645, 宁宁是二旧的什么人, 522.609
1646, 谢谢二舅, 620.179
1647, 敬二舅, 601.76
1648, 敬二舅, 678.417
1649, 敬二舅, 625.859
1650, 敬二舅, 600.686
1651, 敬二舅, 587.22
1652, 敬二舅, 593.02
1653, 敬二舅, 595.06
1654, 敬二舅, 596.86
1655, 这是是村里的守护神吧！, 533.87
1656, 敬二舅, 599.58
1657, 敬二舅, 602.54
1658, 敬二舅, 628.629
1659, 敬二舅, 597.422
1660, 敬二舅, 678.389
1661, 敬二舅, 680.775
1662, 六边形战士二舅, 490.288
1663, 敬二舅, 618.875
1664, 敬二舅, 592.625
1665, 敬二舅, 620.795
1666, 敬二舅, 622.475
1667, 敬二舅, 624.195
1668, 敬二舅, 626.035
1669, 敬二舅, 628.395
1670, 敬二舅, 630.315
1671, 祖国的寸士不可丢, 661.65
1672, 下定决心，不怕牺牲，排除万难，去争取胜利！, 671.419
1673, 宁宁好漂亮啊！, 434.751
1674, 敬二舅, 672.819
1675, 敬二舅, 612.456
1676, 敬二舅, 650.699
1677, 敬二舅, 599.059
1678, 敬二舅，, 637.941
1679, 敬二舅, 608.071
1680, 敬二舅, 686.433
1681, 敬二舅, 671.748
1682, 敬二舅, 641.741
1683, 敬二舅, 586.326
1684, 敬二舅, 591.874
1685, 敬二舅, 608.708
1686, 敬二舅, 603.287
1687, 敬二舅, 682.137
1688, 敬二舅, 685.689
1689, 敬二舅, 683.438
1690, 敬二舅, 599.83
1691, 敬二舅, 672.388
1692, 敬二舅！, 675.212
1693, 看到这里真的泪目了, 390.481
1694, 敬二舅, 613.705
1695, 敬二舅, 612.144
1696, 敬二舅, 627.937
1697, 敬二舅, 593.999
1698, 敬二舅, 662.039
1699, 敬二舅, 633.538
1700, 敬二舅, 642.691
1701, 敬二舅, 590.789
1702, 致敬, 679.74
1703, 敬二舅, 604.005
1704, 牛啊, 491.943
1705, 敬二舅, 666.964
1706, 敬二舅, 592.176
1707, 【旷世奇才, 489.51
1708, 敬二舅, 590.37
1709, 敬二舅, 587.709
1710, 敬二舅, 591.871
1711, 敬二舅, 594.429
1712, 敬二舅, 594.829
1713, 二舅nb, 683.298
1714, 敬二舅, 587.819
1715, 敬二舅, 656.177
1716, 敬二舅, 646.465
1717, 平凡而不平凡, 538.472
1718, 敬二舅, 595.591
1719, 敬二舅, 591.277
1720, 因为你的视频名扬天下了, 594.185
1721, 敬二舅, 623.106
1722, 敬二舅, 654.328
1723, 敬二舅, 686.946
1724, 敬二舅, 604.37
1725, 敬二舅, 623.106
1726, 点名批评弟弟, 509.596
1727, 敬二舅, 616.837
1728, 二舅！真的！我哭死, 462.879
1729, 某光头觉得很赞, 643.62
1730, 敬二舅, 650.968
1731, 敬二舅, 583.057
1732, 点名批评！, 507.647
1733, 敬二舅, 595.879
1734, 敬二舅, 592.859
1735, 不要出去, 541.451
1736, 可还行, 643.539
1737, 敬二舅, 606.186
1738, 天妒英才, 572.477
1739, 真.六边形战士, 480.331
1740, 是歪子，也是柱子, 683.534
1741, 敬二舅, 592.478
1742, 早就说了二舅脑子很好 , 440.809
1743, 敬二舅, 590.749
1744, 敬二舅, 662.338
1745, 敬二舅, 606.941
1746, 敬二舅, 676.159
1747, 敬二舅, 592.416
1748, 敬二舅, 615.179
1749, 敬二舅, 643.807
1750, 敬二舅敬二舅, 624.579
1751, 敬二舅, 620.073
1752, 敬二舅, 596.283
1753, 这个盒子简直帅到靠北, 439.235
1754, 敬二舅, 589.599
1755, 敬二舅, 667.905
1756, 现实版活着, 667.129
1757, 敬二舅, 678.281
1758, 泪目, 580.372
1759, 敬二舅, 680.083
1760, 哈哈哈哈, 461.431
1761, 敬二舅, 585.371
1762, 敬二舅, 686.508
1763, 敬二舅, 648.432
1764, 蟒蛇:还好还好，吓我一跳, 503.041
1765, 敬二舅, 590.003
1766, 敬二舅, 592.189
1767, 敬二舅, 635.414
1768, 敬二舅, 586.457
1769, 太牛了, 498.097
1770, 敬二舅, 589.011
1771, 敬二舅, 682.993
1772, 敬二舅, 590.873
1773, 好家伙 银麦, 598.536
1774, 我想笑，但又很想哭，这种感觉很好，很真, 372.546
1775, 敬二舅, 646.684
1776, 敬二舅, 679.779
1777, 敬二舅, 591.723
1778, 太厉害了, 499.19
1779, 敬二舅, 582.4
1780, 敬畏, 559.268
1781, 真深刻, 642.159
1782, 敬二舅, 617.577
1783, 致敬, 684.04
1784, 敬二舅, 589.19
1785, 敬二舅, 685.706
1786, 敬二舅, 667.815
1787, 敬二舅, 655.525
1788, 敬二舅, 675.278
1789, 敬二舅, 614.601
1790, 敬二舅, 602.966
1791, 敬二舅, 598.258
1792, 接下来二舅该开始写代码了, 525.041
1793, 敬二舅, 656.599
1794, 敬二舅, 615.505
1795, 敬二舅, 598.058
1796, 敬二舅, 615.347
1797, 敬二舅, 610.157
1798, 每个村里都有一个二舅吧, 554.107
1799, 敬二舅, 665.963
1800, 敬二舅, 589.182
1801, 敬二舅, 595.143
1802, 敬二舅, 686.168
1803, 敬二舅, 680.372
1804, 敬二舅, 604.464
1805, 敬二舅, 588.819
1806, 敬二舅, 633.144
1807, 敬二舅, 609.901
1808, 敬二舅, 632.38
1809, 敬二舅, 686.848
1810, 敬二舅, 600.082
1811, 敬二舅, 623.906
1812, 敬二舅, 626.302
1813, 敬二舅, 661.014
1814, 敬二舅, 679.966
1815, 敬二舅, 589.979
1816, 敬二舅, 603.516
1817, 敬二舅!, 679.805
1818, 敬二舅, 593.414
1819, 敬二舅, 596.899
1820, 敬二舅, 625.362
1821, 敬二舅, 671.375
1822, 牛牛牛, 471.151
1823, 在我们那，叫一个人牛逼叫歪, 552.609
1824, 敬二舅, 676.3
1825, 敬天下所有同样人生的人, 598.819
1826, 敬二舅, 609.657
1827, 哈哈哈哈跟我外婆一样, 460.191
1828, 敬二舅, 657.304
1829, 敬二舅, 606.873
1830, 绝了文采, 492.789
1831, 敬二舅, 627.913
1832, 敬二舅, 598.699
1833, 敬二舅, 585.991
1834, 敬二舅, 587.671
1835, 敬二舅, 663.992
1836, 敬二舅, 589.511
1837, 可以拍成电影了, 641.384
1838, 敬二舅, 673.63
1839, 敬二舅, 680.375
1840, 敬二舅！, 676.233
1841, 敬二舅, 598.998
1842, 敬二舅, 605.698
1843, 真的可以拍成电影了, 673.254
1844, 敬二舅, 595.433
1845, 敬二舅, 682.631
1846, 敬二舅, 685.2
1847, 敬二舅, 684.431
1848, 敬二舅, 686.071
1849, 敬二舅, 600.532
1850, 人人都没二舅的能力, 655.383
1851, 敬二舅, 595.338
1852, 敬二舅, 590.179
1853, 敬二舅, 686.9
1854, 敬二舅, 663.75
1855, 敬二舅, 664.287
1856, 敬二舅, 587.954
1857, 致敬二舅, 624.969
1858, 敬二舅, 666.722
1859, 致敬二舅, 674.19
1860, 敬二舅, 679.23
1861, 敬二舅, 679.319
1862, 敬二舅, 683.243
1863, 敬二舅, 585.241
1864, 敬二舅, 596.017
1865, 敬二舅, 489.285
1866, 敬二舅, 668.924
1867, 敬二舅, 605.518
1868, 同情他的小时候遭遇又羡慕他的才能, 488.006
1869, 敬二舅, 602.509
1870, 敬二舅, 622.074
1871, 敬二舅, 674.49
1872, 敬二舅, 624.38
1873, 敬二舅, 661.059
1874, 敬二舅, 676.199
1875, 敬二舅, 630.979
1876, 敬二舅, 684.731
1877, 保护二舅, 548.528
1878, 敬二舅, 605.036
1879, 二舅！！！, 671.312
1880, 敬二舅, 611.703
1881, 保护二舅, 590.768
1882, 敬二舅, 674.944
1883, 这DIY能力可以考虑UP主了, 489.596
1884, 敬二舅, 590.307
1885, 有没有可能没有那四针连二舅都没有, 621.539
1886, 再过几个月，爷爷学会渗透了, 520.966
1887, 凡尔赛, 547.835
1888, 敬二舅, 576.253
1889, 敬二舅, 595.435
1890, 敬二舅, 602.257
1891, 敬二舅, 592.161
1892, 敬二舅, 673.52
1893, 敬二舅, 658.553
1894, 敬二舅, 651.796
1895, 敬二舅, 663.745
1896, 敬二舅, 630.979
1897, 敬二舅, 622.825
1898, 敬二舅, 602.099
1899, 敬二舅, 680.132
1900, 泪目, 558.878
1901, 敬二舅, 675.47
1902, 敬二舅, 633.227
1903, 敬二舅, 623.017
1904, 敬二舅, 600.39
1905, 敬二舅, 594.207
1906, 敬二舅, 593.579
1907, 敬二舅, 598.21
1908, 敬二舅, 684.472
1909, 敬二舅, 593.875
1910, 敬二舅, 587.439
1911, 《活着》, 644.142
1912, 敬二舅, 589.59
1913, 文笔真好！, 687.008
1914, 这角度让我耳目一新, 380.981
1915, 敬二舅, 678.582
1916, 敬二舅, 682.859
1917, 敬二舅, 590.141
1918, 敬二舅, 681.074
1919, 敬二舅, 609.73
1920, 敬二舅, 680.967
1921, 敬二舅, 677.969
1922, 敬二舅, 592.379
1923, 敬二舅, 583.236
1924, 敬二舅, 589.975
1925, 酷毙了, 390.848
1926, 敬二舅, 647.551
1927, 敬二舅, 677.705
1928, 敬二舅, 589.243
1929, 敬二舅, 593.199
1930, 六边形战士, 465.717
1931, 感觉好有, 438.413
1932, 敬二舅, 661.795
1933, 敬二舅, 612.907
1934, 敬二舅, 676.329
1935, 敬二舅, 604.875
1936, 敬二舅, 605.143
1937, 敬二舅, 681.739
1938, 敬二舅！, 637.946
1939, 可惜了，不说那个医生，说不定能为祖国作出巨大贡献！, 546.908
1940, 敬二舅, 583.78
1941, 自我救赎, 533.493
1942, 毕十三, 493.551
1943, 敬二舅, 625.991
1944, 高手二舅, 535.655
1945, 敬二舅, 589.59
1946, 敬二舅, 672.734
1947, 敬二舅, 590.209
1948, 敬二舅, 674.337
1949, 牛逼！, 680.351
1950, 敬二舅, 585.779
1951, 敬up主和二舅, 623.485
1952, 敬二舅, 612.661
1953, 敬二舅, 602.375
1954, 敬二舅, 625.476
1955, 敬二舅, 594.099
1956, 二舅你好！, 590.262
1957, 敬二舅, 671.938
1958, 敬二舅, 597.539
1959, 敬二舅, 680.168
1960, 敬二舅, 679.499
1961, 敬二舅, 590.319
1962, 六边形战士, 483.463
1963, 敬二舅, 611.063
1964, 敬二舅, 633.596
1965, 敬二舅, 598.555
1966, 看着看着就流泪了, 551.745
1967, 以身作则, 435.408
1968, 敬二舅, 595.045
1969, 敬二舅, 590.203
1970, 不要一辈子都活在遗憾里, 629.806
1971, 敬二舅, 617.443
1972, 6, 478.723
1973, 敬二舅, 591.379
1974, 最简单的拍摄手法、最牛逼的人物和故事、最牛逼的旁边，致敬二舅和UP！, 687.008
1975, 敬二舅, 632.348
1976, 敬二舅, 637.509
1977, 敬二舅, 620.418
1978, 敬二舅, 679.961
1979, 敬二舅, 589.239
1980, 敬二舅, 673.495
1981, 敬二舅, 619.166
1982, 敬二舅, 591.443
1983, 敬二舅, 668.999
1984, 敬二舅, 607.619
1985, 敬二舅, 673.135
1986, 敬二舅, 624.179
1987, 敬二舅, 681.578
1988, 敬二舅, 590.947
1989, 0, 515.545
1990, 敬二舅, 597.656
1991, 敬二舅, 608.062
1992, 敬二舅, 596.032
1993, 人可以平凡，但不能自甘平庸, 643.524
1994, 敬二舅, 646.386
1995, 敬二舅, 660.326
1996, 敬二舅, 602.041
1997, 敬二舅, 684.222
1998, 敬二jiue, 650.103
1999, 敬二舅, 597.47
2000, 敬二舅, 610.749
2001, 敬二舅, 589.539
2002, 敬二舅, 600.056
2003, 敬二舅, 629.18
2004, 敬二舅, 611.572
2005, 敬二舅, 609.775
2006, 敬二舅, 629.963
2007, 敬二舅, 680.668
2008, 敬二舅！, 678.912
2009, 敬二舅, 597.858
2010, 敬二舅, 646.577
2011, 敬二舅, 673.41
2012, 敬二舅, 594.934
2013, 敬二舅, 682.259
2014, 敬二舅, 584.491
2015, 敬二舅, 588.564
2016, 敬二舅, 685.519
2017, 敬二舅, 590.986
2018, 敬二舅, 596.719
2019, 敬二舅, 616.368
2020, 敬二舅, 658.039
2021, 敬二舅, 625.397
2022, 敬二舅, 682.168
2023, 敬二舅, 644.057
2024, 敬二舅, 616.893
2025, 敬二舅, 644.016
2026, 说毕十三的那个，如果你能看见我的弹幕，希望能能联系到你, 513.939
2027, 敬二舅, 655.996
2028, 敬二舅一杯酒。, 629.532
2029, 敬二舅, 610.751
2030, 敬二舅, 619.089
2031, 敬二舅, 594.68
2032, 敬二舅, 676.884
2033, 某光头表示很赞, 644.409
2034, 敬二舅, 643.009
2035, 敬二舅, 685.727
2036, 妈呀，这块好想哭, 430.252
2037, 敬二舅, 680.155
2038, 敬二舅, 643.969
2039, 敬二舅, 603.607
2040, 敬二舅, 677.247
2041, 敬二舅, 644.97
2042, 村里只剩几百个老头老太太了，真的是现在的农村现状, 536.497
2043, 人民，工人，农民，, 557.354
2044, 敬二舅, 599.551
2045, 敬二舅, 668.927
2046, 敬二舅, 609.043
2047, 敬二舅, 673.807
2048, 敬二舅, 591.779
2049, 敬二舅, 603.343
2050, 敬二舅, 680.981
2051, 太牛了我趣, 483.135
2052, 敬二舅, 596.058
2053, 敬二舅, 682.023
2054, 《二舅总有办法》, 516.944
2055, 如果没有那次意外，他现在早已扬名立万了, 522.22
2056, 敬二舅, 585.827
2057, 敬二舅, 605.027
2058, 敬二舅, 586.402
2059, 敬二舅, 620.101
2060, 眼泪打转, 678.816
2061, 二舅啥都会, 452.868
2062, 敬二舅, 597.761
2063, 敬二舅, 593.301
2064, 敬二舅, 610.827
2065, 敬二舅, 595.595
2066, 敬二舅, 600.599
2067, 牛啊牛啊, 468.102
2068, 敬二舅, 683.869
2069, 敬二舅, 685.419
2070, 致敬二舅, 406.016
2071, 敬二舅, 673.279
2072, 敬二舅, 670.192
2073, 敬二舅, 683.833
2074, 敬二舅, 594.011
2075, 敬二舅, 624.866
2076, 宁可自己鲜血流，祖国寸土不可丢, 661.086
2077, 敬二舅, 363.899
2078, 敬二舅, 589.575
2079, 敬二舅, 655.854
2080, respect, 627.019
2081, 命运开了个玩笑而已, 501.444
2082, 敬二舅, 682.739
2083, 敬二舅，人性的光！, 686.39
2084, 敬二舅, 586.541
2085, 敬二舅, 682.619
2086, 敬二舅, 628.008
2087, 敬二舅, 602.993
2088, 四刷 敬二舅, 595.967
2089, 敬二舅, 598.082
2090, 敬二舅, 677.991
2091, 敬二舅, 595.545
2092, 伟大的二舅, 685.542
2093, 敬二舅, 676.084
2094, 敬二舅, 676.848
2095, 敬二舅, 679.827
2096, 敬二舅, 679.683
2097, 哈哈哈哈哈哈哈哈哈哈又想哭又想笑, 457.092
2098, 敬二舅, 594.024
2099, 看到这实在忍不住说一句二舅牛批, 483.859
2100, 敬二舅, 677.139
2101, 敬二舅, 591.589
2102, 敬二舅, 683.894
2103, 六边形战士二舅, 470.392
2104, 敬二舅, 681.98
2105, 敬二舅, 589.921
2106, 敬二舅, 674.874
2107, 泪眼婆娑, 686.939
2108, 敬二舅, 685.786
2109, 二舅总有办法, 498.552
2110, 敬二舅, 592.609
2111, 敬二舅, 612.433
2112, 敬二舅, 596.517
2113, 小孩是小，不是瞎, 434.399
2114, 敬二舅, 647.097
2115, 哈哈哈哈哈, 519.774
2116, 敬二舅, 591.709
2117, 敬二舅, 593.059
2118, 敬二舅, 631.402
2119, 敬二舅, 598.55
2120, 敬二舅, 592.957
2121, 敬二舅, 588.691
2122, “上校”, 553.765
2123, 敬二舅, 589.362
2124, 敬二舅，平凡且伟大的人, 591.879
2125, 敬二舅, 586.273
2126, 敬二舅, 596.536
2127, 致二舅, 603.987
2128, 敬二舅, 612.773
2129, 敬二舅, 602.386
2130, 敬二舅, 594.765
2131, 敬二舅, 655.957
2132, 敬二舅, 681.203
2133, 敬二舅, 594.982
2134, 敬二舅, 594.142
2135, 敬二舅, 677.487
2136, 敬二舅, 614.64
2137, 敬二舅, 673.873
2138, 敬二舅, 639.155
2139, 敬二舅, 678.948
2140, 敬二舅, 591.119
2141, 敬二舅, 586.943
2142, 太遗憾了, 594.615
2143, 敬二舅, 595.792
2144, 二舅太牛了，敬佩, 483.778
2145, 敬二舅, 652.294
2146, 时也命也……, 595.786
2147, 敬二舅, 636.543
2148, 敬二舅, 619.877
2149, 敬二舅, 589.632
2150, 敬二舅, 614.5
2151, 敬二舅, 679.939
2152, 敬二就, 631.478
2153, 敬二舅, 676.273
2154, 致敬, 659.78
2155, 单身使人优秀, 485.817
2156, 敬二舅, 595.024
2157, 敬二舅, 595.618
2158, 不知道为什么，看到那个盒子就绷不住了, 439.801
2159, 敬二舅, 626.093
2160, 敬二舅！, 677.675
2161, 敬二舅, 682.499
2162, 敬二舅, 589.718
2163, 敬二舅, 598.643
2164, 敬二舅, 641.009
2165, 敬二舅, 594.838
2166, 敬二舅, 479.738
2167, 敬二舅, 673.518
2168, 二舅超酷的呜呜呜, 496.445
2169, 敬二舅, 620.161
2170, 敬二舅, 587.74
2171, 敬二舅, 587.851
2172, 敬二舅, 648.015
2173, 敬二舅, 594.678
2174, 敬二舅, 630.659
2175, 敬二舅, 638.552
2176, 敬二舅, 477.035
2177, 敬二舅, 666.876
2178, 敬二舅, 497.019
2179, 敬二舅, 678.618
2180, 敬二舅, 552.427
2181, 敬二舅, 592.534
2182, 敬二舅, 662.822
2183, 敬二舅, 591.019
2184, 敬二舅, 584.471
2185, 敬二舅, 605.931
2186, 敬二舅, 656.261
2187, 敬二舅, 589.799
2188, 敬二舅, 589.877
2189, 我真的在哭 怎么会这样啊, 571.132
2190, 敬二舅, 675.681
2191, 敬二舅, 657.625
2192, 敬二舅！, 642.744
2193, 敬二舅, 675.237
2194, 真的对于还在上学的我感触太大了, 659.163
2195, 敬二舅, 597.004
2196, 敬二舅, 652.807
2197, 生活何尝不是苦中作乐呢, 507.819
2198, 敬二舅, 591.06
2199, 敬二舅, 589.499
2200, 我只会刷视屏, 512.865
2201, 敬二舅, 685.656
2202, 那种勃勃生机、万物竞发的境界，犹在眼前, 642.205
2203, 敬二舅, 682.566
2204,  敬二舅, 597.377
2205, 敬二舅, 601.209
2206, 敬二舅, 686.06
2207, 第二快乐的人，是从不回头看的人, 612.594
2208, 敬二舅, 681.383
2209, 看了这么多，我真的感觉很遗憾。好好的人生，因为一个医生毁了。, 449.049
2210, 敬二舅, 678.313
2211, ！！！！！！！！！！！！！！！！, 472.288
2212, 敬二舅, 598.328
2213, 敬二舅, 599.166
2214, 二舅总有办法, 502.489
2215, 敬二舅, 634.434
2216, 他这种奇才啊 只不过是生不逢时, 590.894
2217, 敬二舅, 686.431
2218, 敬二舅, 597.749
2219, 敬二舅, 687.008
2220, 敬二舅, 661.031
2221, 敬二舅, 682.917
2222, 敬二舅, 684.649
2223, 敬二舅, 632.564
2224, 敬二舅, 589.645
2225, 敬二舅, 597.939
2226, 敬二舅, 625.132
2227, 敬二舅, 603.619
2228, 敬二舅, 673.559
2229, 敬二舅, 584.569
2230, 敬二舅, 670.167
2231, 敬二舅, 678.788
2232, 敬二舅, 624.877
2233, 敬二舅, 599.286
2234, 敬二舅, 603.486
2235, 敬二舅, 605.995
2236, 敬二舅, 606.134
2237, 尊敬, 675.282
2238, 敬二舅, 603.648
2239, 太好了, 686.072
2240, 敬二舅, 607.539
2241, 敬二舅, 596.899
2242, 从小就聪明的, 500.339
2243, 敬二舅, 681.64
2244, 敬二舅, 603.925
2245, 敬二舅, 591.367
2246, 敬二舅, 675.919
2247, 敬二舅, 589.464
2248, 敬二舅, 680.702
2249, 敬二舅, 656.587
2250, 敬二舅, 589.248
2251, 敬二舅, 594.219
2252, 敬二舅, 605.321
2253, 敬二舅, 621.354
2254, 敬二舅, 682.176
2255, 无所不能的二舅, 482.101
2256, 敬二舅, 617.672
2257, 敬二舅, 590.061
2258, 敬二舅, 587.683
2259, 满分作文！, 682.367
2260, 敬二舅, 677.68
2261, 敬二舅, 588.959
2262, 敬二舅, 674.339
2263, 命运有时候就是这样，偏偏不往本来应该发生的那头走, 583.537
2264, 敬二舅, 663.599
2265, 致敬二舅, 614.403
2266, 年度最佳纪录片《我的二舅》, 622.668
2267, 敬二舅, 676.454
2268, 敬二舅, 607.773
2269, 敬二舅, 594.954
2270, 敬二舅, 594.146
2271, 敬二舅, 620.997
2272, 敬二舅, 635.105
2273, 敬二舅, 662.727
2274, 敬二舅, 599.244
2275, 敬二舅, 672.124
2276, 敬二舅, 681.899
2277, 敬二舅, 657.579
2278, 敬二舅, 597.607
2279, 敬二舅, 585.937
2280, 敬二舅, 627.36
2281, 敬二舅, 683.949
2282, 敬二舅, 589.489
2283, 敬二舅, 588.363
2284, 敬二舅, 664.259
2285, 从不回头看, 610.036
2286, 敬二舅, 686.946
2287, 敬二舅, 597.047
2288, 敬二舅, 585.047
2289, 敬二舅！, 599.998
2290, 敬二舅！, 606.254
2291, 敬二舅, 652.395
2292, 敬二舅, 605.455
2293, 敬二舅, 594.908
2294, 曾经的理想变成了现在的苟且, 673.619
2295, 敬二舅, 591.009
2296, 敬二舅, 626.288
2297, 敬二舅, 594.07
2298, 敬二舅, 680.435
2299, 敬二舅, 597.599
2300, 平凡人中的不平凡, 677.155
2301, 敬二舅, 597.413
2302, 哇, 473.835
2303, 敬二舅, 663.273
2304, 敬二舅, 681.097
2305, 敬二舅, 683.048
2306, 敬二舅, 620.413
2307, 敬二舅, 674.281
2308, 敬二舅, 686.763
2309, 年度最佳纪录片《我的二舅》, 671.872
2310, 敬二舅, 635.528
2311, 敬二舅, 680.82
2312, 如果当时二舅没有放弃学业的话现在生活应该会更好点吧，二舅真是太厉害了, 485.589
2313, 明年6789, 404.18
2314, 敬二舅, 589.659
2315, 敬二舅, 599.526
2316, 天啊真的《总有办法》, 481.9
2317, 天才永远是天才, 496.625
2318, 敬二舅, 606.579
2319, 敬二舅, 592.259
2320, 敬二舅, 679.53
2321, 他好厉害啊, 505.957
2322, 敬二舅, 605.499
2323, 敬二舅, 631.942
2324, 敬二舅, 619.591
2325, 敬二舅, 673.808
2326, 敬二舅, 598.16
2327, 敬二舅！, 586.074
2328, 他很正!, 552.179
2329, 敬二舅, 683.879
2330, 敬二舅, 362.666
2331, 敬二舅, 613.305
2332, 敬二舅, 591.076
2333, 哇，跟我奶奶同款的收音机, 460.757
2334, 君子自强不息, 646.589
2335, 敬二舅，高手在民间, 629.235
2336, 敬二舅, 589.541
2337, 敬二舅！, 635.872
2338, 敬二舅, 678.839
2339, 敬二舅, 684.726
2340, 敬二舅, 606.179
2341, 敬二舅, 620.502
2342, 敬二舅, 684.302
2343, 敬二舅, 594.674
2344, 敬二舅, 525.119
2345, 这句说话的真好, 608.961
2346, 敬二舅, 627.858
2347, 敬二舅, 589.699
2348, 敬二舅, 680.134
2349, 致二舅, 636.278
2350, 敬二舅, 627.74
2351, 敬二舅, 601.11
2352, 敬二舅, 593.454
2353, 敬二舅, 681.234
2354, 敬二舅, 595.699
2355, 天才啊, 443.742
2356, 敬二舅一杯, 624.731
2357, 敬二舅, 658.101
2358, 敬二舅, 659.059
2359, 一个平凡人，不平凡的一生。, 676.901
2360, 敬二舅, 590.778
2361, 敬二舅, 675.698
2362, 敬二舅, 596.701
2363, 敬二舅, 609.694
2364, 敬二舅, 594.292
2365, 敬二舅, 667.525
2366, 敬二舅, 680.399
2367, 敬二舅, 672.911
2368, 敬二舅, 678.452
2369, 敬二舅, 637.019
2370, 敬二舅, 628.051
2371, 敬二舅, 590.099
2372, 敬二舅, 662.339
2373, 敬二舅, 673.819
2374, 敬二舅, 628.444
2375, 敬二舅, 605.096
2376, 敬二舅, 590.288
2377, 敬二舅, 615.179
2378, 敬二舅, 593.557
2379, 敬二舅, 372.08
2380, 敬二舅, 684.102
2381, 敬二舅, 684.985
2382, 敬二舅, 613.364
2383, 敬二舅, 680.824
2384, 敬二舅, 684.642
2385, 敬二舅, 669.259
2386, 敬二舅, 685.656
2387, 敬二舅, 603.61
2388, 敬二舅, 633.801
2389, 敬二舅, 602.135
2390, 看两遍了, 683.84
2391, 敬二舅, 651.497
2392, 笑着笑着就哭了, 420.499
2393, 敬二舅, 589.888
2394, 敬二舅, 603.36
2395, 敬二舅, 616.059
2396, 敬二舅, 601.742
2397, 敬二舅, 660.381
2398, 敬二舅, 644.554
2399, 敬二舅, 593.354
2400, 敬二舅, 589.283
2401, 敬二舅, 592.601
2402, 敬二舅, 616.534
2403, 敬二舅, 592.266
2404, 敬二舅, 606.546
2405, 敬二舅, 601.859
2406, 敬二舅, 674.466
2407, 敬二舅, 633.465
2408, 敬二舅, 590.106
2409, 平凡且伟大的人生 幽默支撑起岁月的苦涩, 411.572
2410, 敬二舅, 630.477
2411, 敬二舅, 653.971
2412, 敬二舅, 684.188
2413, 我都要哭出来了, 620.572
2414, 敬二舅, 688.0
2415, 敬二舅, 591.82
2416, 敬二舅, 611.114
2417, 敬二舅, 592.026
2418, 二舅真酷, 501.58
2419, 敬二舅, 589.699
2420, 敬二舅, 595.22
2421, 《二舅总有办法》, 498.407
2422, 敬二舅, 672.17
2423, 敬二舅, 593.926
2424, 是真惨, 364.801
2425, 好酷啊这个！！！！, 437.682
2426, 二舅, 553.524
2427, 敬二舅, 652.416
2428, 敬二舅, 651.423
2429, 敬二舅, 682.786
2430, 敬二舅, 588.386
2431, 敬二舅, 592.248
2432, 敬二舅, 600.517
2433, 敬二舅, 618.313
2434, 敬二舅, 598.419
2435, 敬二舅, 595.019
2436, 给二舅递烟, 473.958
2437, 敬二舅, 616.353
2438, 敬二舅, 625.81
2439, 敬二舅, 618.067
2440, 雷达图满格！, 462.834
2441, jingejiu, 620.335
2442, 敬二舅, 672.419
2443, 全才啊, 482.905
2444, 二舅：我谢谢你俩奥, 504.442
2445, 敬二舅, 594.151
2446, 敬二舅, 597.007
2447, 敬二舅, 627.965
2448, 敬二舅, 674.839
2449, 敬二舅, 589.755
2450, 敬二舅, 587.975
2451, 敬二舅, 589.041
2452, 敬二舅, 589.538
2453, 敬二舅！, 620.646
2454, 敬二舅, 682.858
2455, 敬二舅, 592.034
2456, 最酷的老头呜呜呜呜！！, 486.663
2457, 敬二舅, 682.038
2458, 敬二舅, 643.526
2459, 这是对岸光头的话！, 640.863
2460, 进二舅, 595.083
2461, 进而就, 602.678
2462, 你可是历史老师！, 639.317
2463, 敬二舅, 643.628
2464, 敬二舅, 602.8
2465, 敬二舅, 600.905
2466, 敬二舅, 683.012
2467, 敬二舅, 605.974
2468, 敬二舅, 596.829
2469, 敬二舅, 602.173
2470, 敬二舅, 592.07
2471, 敬二舅, 683.663
2472, 敬二舅, 610.03
2473, 敬二舅, 596.321
2474, 敬二舅, 677.253
2475, 敬二舅, 640.829
2476, 敬二舅, 609.776
2477, 敬二舅, 589.5
2478, 敬二舅, 606.47
2479, 敬二舅, 655.549
2480, 敬二舅, 628.172
2481, 敬二舅, 588.639
2482, 敬二舅, 684.212
2483, 如果没有那次意外，他现在早已扬名立万了, 526.21
2484, 谁说二舅这样的平凡人比不上栋梁？, 538.81
2485, 平凡而不平凡, 543.13
2486, 这位歪子是全村的柱子, 554.61
2487, 敬二舅敬二舅, 629.532
2488, 敬二舅, 597.868
2489, 敬二舅, 637.581
2490, 敬二舅, 584.37
2491, 二舅, 587.49
2492, 镜二舅, 597.77
2493, 敬二舅, 684.279
2494, 敬二舅, 682.582
2495, 敬二舅, 679.916
2496, 敬二舅, 661.14
2497, 敬二舅, 678.315
2498, 敬二舅, 680.659
2499, 敬二舅, 641.163
2500, 敬二舅, 685.364
2501, 敬二舅, 609.353
2502, 敬二舅, 632.787
2503, 敬二舅, 598.938
2504, 敬二舅, 602.076
2505, 敬二舅, 647.227
2506, 家里真干净, 377.139
2507, 敬二舅, 619.179
2508, 敬二舅, 590.939
2509, 敬二舅, 668.29
2510, 太牛逼二舅, 474.206
2511, 敬二舅, 668.415
2512, 敬二舅, 589.539
2513, 你只看到了  贫穷, 633.262
2514, 敬二舅喵, 591.662
2515, 说实话，我感觉毕十三比不上二舅(哈哈), 500.527
2516, 全能的二舅, 635.721
2517, 敬二舅, 683.268
2518, 敬二舅, 611.908
2519, 敬二舅, 645.89
2520, 敬二舅, 675.708
2521, 敬二舅, 584.96
2522, 敬二舅, 674.995
2523, 敬二舅, 664.623
2524, 泪目了, 553.745
2525, 敬二舅, 627.856
2526, 致敬，非常治愈, 674.874
2527, 敬二舅, 592.459
2528, 敬二舅, 604.403
2529, 敬二舅, 593.652
2530, 敬二舅, 592.148
2531, 敬二舅, 657.04
2532, 敬二舅, 602.281
2533, 敬二舅, 679.014
2534, 敬二舅, 598.51
2535, 敬二舅, 591.37
2536, 敬二舅, 596.096
2537, 就是突然想到外公外婆，就真的哭了。, 464.039
2538, 真心感叹，太厉害了, 475.919
2539, 敬二舅, 681.746
2540, 敬二舅, 674.919
2541, 敬二舅, 666.792
2542, 敬二舅, 675.203
2543, 二舅被逼成神婆是我没想到的, 472.919
2544, 敬二舅!!!, 672.173
2545, 敬二舅, 603.746
2546, 几百个？, 536.112
2547, 敬二舅, 592.779
2548, 敬二舅, 680.677
2549, 敬二舅, 672.051
2550, 敬二舅, 660.132
2551, 敬二舅, 659.159
2552, 敬二舅, 675.098
2553, 伟大的战士, 683.691
2554, 遗憾是沉沦的毒药, 615.528
2555, 敬二舅, 589.318
2556, 从不回头看, 675.109
2557, 敬二舅！, 595.874
2558, 敬二舅, 593.857
2559, 敬二舅, 680.676
2560, 敬二舅, 617.345
2561, 敬二舅, 682.019
2562, 敬二舅, 601.039
2563, 敬二舅, 665.446
2564, 敬二舅, 599.909
2565, 敬二舅, 612.374
2566, 敬二舅, 680.616
2567, 敬二舅, 676.239
2568, 敬二舅！, 588.658
2569, 敬二舅, 588.829
2570, 敬二舅, 627.502
2571, 敬二舅, 593.011
2572, 敬二舅！, 679.206
2573, 敬二舅, 685.958
2574, 敬二舅, 627.419
2575, 敬二舅, 590.614
2576, 敬二舅, 589.577
2577, 敬二舅, 672.725
2578, 转头的那一刹那，我看到的不是一个弯腰驼背的老头，而是一位身影伟岸高大的战士, 670.812
2579, 泪目，敬二舅, 635.959
2580, 这样的文案连同视频登上教材都不为过, 687.008
2581, 敬二舅, 683.857
2582, 敬二舅, 635.118
2583, 敬二舅, 678.846
2584, 敬二舅, 635.118
2585, 牛逼, 605.797
2586, 敬二舅, 597.614
2587, 敬二舅, 593.195
2588, 敬二舅, 676.51
2589, 啊这, 459.089
2590, 二舅太棒了，不是命运的捉弄，妥妥的大才啊, 493.219
2591, 敬二舅, 595.088
2592, 活着这个现实，就十分有力量, 555.505
2593, 敬二舅, 606.708
2594, 敬二舅, 629.241
2595, 敬二舅, 597.87
2596, 敬二舅, 604.257
2597, 敬二舅, 635.111
2598, 多难想象，若是没有那四针，他的人生也会向这些图画一样令人惊艳吧, 471.57
2599, 敬二舅, 595.769
2600, 敬二舅, 593.593
2601, 敬二舅, 612.404
2602, 想到阿甘正传, 672.042
2603, 敬二舅, 637.229
2604, 天，连手机壳都一样, 516.918
2605, 敬二舅, 677.64
2606, 敬二舅, 682.93
2607, 敬二舅, 604.902
2608, 四针的偏差，于是少了一个意气风发的二舅, 487.566
2609, 敬二舅, 590.639
2610, 太牛了, 502.294
2611, 敬二舅, 676.978
2612, 敬二舅, 636.326
2613, 敬二舅, 601.373
2614, 敬二舅！, 588.191
2615, 敬二舅, 673.514
2616, 敬二舅, 590.609
2617, 致敬二舅此类为生活奔波的人, 589.652
2618, 敬二舅, 592.402
2619, 小孩是小，不是瞎, 437.465
2620, 二舅好牛, 535.211
2621, 敬二舅, 675.442
2622, 敬二舅, 681.809
2623, 敬二舅, 630.232
2624, 觐二舅, 628.029
2625, 敬二舅, 612.419
2626, 敬二舅, 674.954
2627, 敬二舅, 607.1
2628, 敬二舅！ 敬二舅！, 671.471
2629, 敬二舅, 591.191
2630, 敬二舅, 683.327
2631, 敬二舅, 653.404
2632, 敬二舅, 592.213
2633, 敬二舅, 603.222
2634, 弹幕护体, 595.267
2635, 敬二舅, 681.117
2636, 敬二舅, 672.194
2637, 敬二舅, 594.593
2638, 敬二舅, 683.613
2639, 敬二舅, 599.88
2640, 敬二舅, 680.125
2641, 敬二舅, 652.892
2642, 敬二舅, 670.449
2643, 敬二舅, 590.183
2644, 敬二舅, 591.759
2645, 敬二舅, 630.199
2646, 敬二舅, 595.722
2647, 敬二舅, 649.533
2648, 敬二舅, 594.166
2649, 致敬二舅, 688.0
2650, 太难了, 372.779
2651, 敬二舅, 660.84
2652, 敬二舅, 591.339
2653, 敬二舅, 674.623
2654, 敬二舅, 588.625
2655, 敬二舅, 604.901
2656, 敬二舅, 630.299
2657, 敬二舅, 593.659
2658, 他喜欢喝酒吗, 455.219
2659, 敬二舅, 619.791
2660, 敬二舅, 600.139
2661, 三连了, 426.828
2662, 敬二舅, 593.001
2663, 字好好看, 478.45
2664, 敬二舅, 595.171
2665, 敬二舅, 605.806
2666, 敬二舅, 600.052
2667, 敬二舅, 635.206
2668, 敬二舅, 678.859
2669, 敬二舅, 634.114
2670, 可是，你愿意成为你二舅吗, 627.056
2671, 二舅并不可怜落魄，他乐观高大, 615.415
2672, 敬二舅, 598.599
2673, 敬二舅, 599.854
2674, 敬二舅, 683.908
2675, 敬二舅, 613.999
2676, 高考阅读题这不就来了, 661.205
2677, 敬二舅, 643.169
2678, 敬二舅, 599.735
2679, 敬二舅, 659.037
2680, 敬二舅, 597.364
2681, 真“上校”, 565.43
2682, 敬二舅, 606.501
2683, 文案太棒了, 615.375
2684, 敬二舅, 676.199
2685, 敬二舅, 662.124
2686, 敬二舅, 686.52
2687, 敬二舅, 590.008
2688, 敬二舅, 683.139
2689, 敬二舅, 589.218
2690, 敬二舅, 685.474
2691, 敬二舅, 597.225
2692, jin敬二舅, 602.203
2693, 敬二舅, 612.437
2694, 敬二舅, 594.425
2695, 敬二舅, 615.193
2696, 人生海海, 548.503
2697, 敬二舅, 676.759
2698, 敬二舅, 684.473
2699, 敬二舅, 592.428
2700, 他没有走出这座山，却成了这座山的神, 484.078
2701, 泪目了, 677.028
2702, 敬二舅, 615.354
2703, 敬二舅, 686.068
2704, 伟大的人才，, 593.738
2705, 最后再说一遍不要乱打针, 680.577
2706, 敬二舅, 595.992
2707, 敬二舅, 659.49
2708, 每多一个二舅的故事，我就深感前路漫漫。不用人民负重前行的社会何时会来。, 632.909
2709, 敬二舅, 591.262
2710, 敬二舅, 634.447
2711, 哭了TnT, 483.659
2712, 敬二舅, 590.409
2713, 红旗插遍全国！, 658.154
2714, 敬二舅, 584.755
2715, 敬二舅, 651.647
2716, 光头语录, 643.928
2717, 敬二舅, 595.176
2718, 敬二舅, 665.901
2719, 敬二舅, 635.899
2720, 敬二舅, 596.924
2721, 敬二舅, 658.242
2722, 敬二舅, 675.423
2723, 敬二舅, 658.302
2724, 乡村达芬奇, 495.119
2725, 敬二舅！, 586.556
2726, 敬二舅, 589.652
2727, 敬二舅, 674.899
2728, 弹幕呢, 494.84
2729, 这文案绝了，这二舅绝了, 548.336
2730, 敬二舅, 615.36
2731, 敬二舅, 593.311
2732, 酷的哈哈哈哈哈哈, 399.331
2733, 敬二舅, 678.773
2734, 敬二舅, 640.67
2735, 敬二舅, 655.067
2736, 敬二舅, 631.509
2737, 敬二舅, 629.999
2738, 敬二舅, 411.839
2739, 敬二舅！, 682.95
2740, 真好是吧 手里八种牌准备做十三不靠是吧, 638.386
2741, 敬二舅, 679.179
2742, 敬二舅, 590.234
2743, 敬二舅, 612.061
2744, 敬二舅, 633.639
2745, 敬二舅, 610.443
2746, 敬二舅, 594.932
2747, 致敬, 662.491
2748, 敬二舅, 590.688
2749, 敬二舅, 641.211
2750, 敬二舅！, 684.187
2751, 敬二舅, 685.739
2752, 敬二舅, 635.999
2753, 敬二舅, 688.0
2754, 敬二舅, 636.298
2755, 敬二舅, 685.193
2756, 敬二舅, 643.608
2757, 敬二舅, 593.082
2758, 敬二舅, 597.774
2759, 敬二舅！, 680.295
2760, 敬二舅, 643.982
2761, 看着这个视频 一边笑，一边流泪, 514.544
2762, 敬二舅, 591.259
2763, 敬二舅, 590.379
2764, 敬二舅, 621.101
2765, 致敬二舅, 551.735
2766, 敬二舅, 617.216
2767, 敬二舅, 653.019
2768, 敬二舅, 678.79
2769, 他才是好好的生活, 495.01
2770, 敬二舅, 599.019
2771, 敬二舅, 610.186
2772, 敬二舅, 590.493
2773, 敬二舅, 611.486
2774, 可惜没有如果, 496.0
2775, 敬二舅, 601.4
2776, 敬二舅！, 592.941
2777, 敬二舅, 679.251
2778, 敬二舅, 608.51
2779, 敬二舅, 674.499
2780, 敬二舅, 587.173
2781, 敬二舅, 600.907
2782, 敬二舅, 610.22
2783, 二舅从不落魄 也并不可怜, 589.25
2784, 敬二舅, 609.658
2785, 每个村子都有一个树先生, 618.999
2786, 敬二舅, 617.359
2787, 敬二舅, 595.221
2788, 字写的真好看啊, 484.619
2789, 敬二舅！, 591.51
2790, 敬二舅, 479.858
2791, 纵使困顿难行，亦当砥砺奋进, 642.7
2792, 敬二舅, 678.426
2793, 致敬二舅, 659.026
2794, 敬二舅, 681.843
2795, 敬二舅, 684.404
2796, 敬二舅, 589.929
2797, 敬二舅, 682.479
2798, 敬二舅, 645.663
2799, 敬二舅, 684.064
2800, 敬二舅, 685.305
2801, 敬二舅, 686.175
2802, 敬二舅, 608.544
2803, 敬二舅, 679.438
2804, 敬二舅, 634.912
2805, 敬二舅, 647.111
2806, 敬二舅, 590.977
2807, 敬二舅, 595.057
2808, 敬二舅, 590.459
2809, 敬二舅, 674.939
2810, 敬二舅, 600.537
2811, 敬二舅, 594.979
2812, 敬二舅, 590.242
2813, 敬二舅, 618.825
2814, 敬二舅，敬人民, 600.6
2815, 诶, 573.375
2816, ？？？？？？？, 472.613
2817, 敬二舅, 596.627
2818, 敬二舅, 612.988
2819, 靠 牛逼, 493.112
2820, 敬二舅, 651.339
2821, 敬礼, 617.416
2822, 敬二舅, 616.739
2823, 牛牛牛又悲又幽默, 392.905
2824, 二舅现在名扬天下了, 594.499
2825, 哈哈哈哈哈哈哈哈哈哈哈哈, 525.389
2826, 敬二舅, 593.887
2827, 敬二舅, 607.962
2828, 敬二舅, 675.235
2829, 敬二舅, 657.537
2830, 敬二舅, 623.568
2831, 敬二舅, 679.763
2832, 敬二舅, 605.938
2833, 刚才说二舅66岁，1977年二舅18岁，时间明显对不上, 554.308
2834, 哈哈哈哈哈哈哈哈哈, 459.453
2835, 敬二舅, 598.779
2836, 敬二舅, 603.293
2837, 敬二舅, 633.994
2838, 敬二舅, 595.816
2839, 敬二舅, 601.154
2840, 二舅，你好, 595.435
2841, 二舅真的好酷, 493.669
2842, 敬二舅, 587.399
2843, 敬二舅, 673.24
2844, 敬二舅, 608.646
2845, 敬二舅, 590.275
2846, 突然发现人活着就是要向前看，二舅舅就是这样的。, 571.713
2847, 敬二舅, 618.106
2848, 致敬二舅, 591.989
2849, 敬二舅, 686.832
2850, 敬二舅, 594.009
2851, 二舅守护住自己的木叶村, 547.72
2852, 敬二舅, 587.452
2853, 敬二舅, 673.168
2854, 敬二舅, 588.01
2855, 敬二舅, 600.346
2856, 上天为他开了一扇门 也为他关了一扇窗, 583.824
2857, 二舅总有办法, 498.267
2858, 敬二舅, 598.826
2859, 敬二舅, 599.141
2860, 敬二舅, 681.882
2861, 敬二舅, 647.799
2862, 敬二舅, 658.574
2863, 敬二舅, 630.729
2864, 一语双关啊, 458.148
2865, 二舅真的脑子很好啊, 445.841
2866, 某光头表示很赞, 643.631
2867, 敬二舅, 665.633
2868, 敬二舅, 659.239
2869, 敬二舅, 619.734
2870, 敬二舅, 607.388
2871, 敬二舅, 589.886
2872, 美好哈哈哈哈哈哈, 630.464
2873, 敬二舅, 595.092
2874, 此处应该@中芯国际, 528.351
2875, 敬二舅, 665.209
2876, 敬二舅, 586.339
2877, 哭了, 552.119
2878, 敬二舅, 621.299
2879, 敬二舅, 674.243
2880, 敬二舅, 676.067
2881, 敬二舅, 681.459
2882, 敬二舅, 647.995
2883, 敬“二舅”, 652.121
2884, 真实且动人心弦, 392.703
2885, 敬二舅, 658.539
2886, 敬二舅, 683.658
2887, 敬二舅, 594.819
2888, 敬二舅, 623.681
2889, 敬二舅, 638.462
2890, 敬二舅, 681.998
2891, 敬二舅, 600.382
2892, 敬二舅, 625.694
2893, 千万文案, 654.767
2894, 敬二舅, 607.68
2895, 敬二舅, 590.088
2896, 敬二舅, 589.117
2897, 敬二舅, 674.668
2898, 敬二舅, 594.777
2899, 全能的二舅, 472.252
2900, 敬二舅, 660.61
2901, 敬二舅, 630.53
2902, 敬二舅, 595.353
2903, 敬二舅, 598.5
2904, 敬二舅, 596.981
2905, 敬二舅, 680.753
2906, 敬二舅, 591.06
2907, 敬二舅, 566.65
2908, 敬二舅, 594.371
2909, 敬二舅, 686.476
2910, 敬二舅, 597.779
2911, 敬二舅, 647.141
2912, 小孩是小，但不是瞎, 431.654
2913, 敬二舅, 589.139
2914, 敬二舅, 659.047
2915, 敬二舅, 681.03
2916, 敬二舅, 596.979
2917, 这一段太喜欢了, 369.65
2918, 敬二舅, 605.638
2919, 敬二舅, 590.656
2920, 敬二舅, 596.403
2921, 敬二舅, 594.769
2922, 我会在我病老之前选择死去的，不用病老，快乐离开, 369.628
2923, 敬二舅, 591.619
2924, 敬二舅, 621.837
2925, 六边形工匠, 463.753
2926, 敬二舅, 598.737
2927, 敬二舅, 618.324
2928, 敬二舅, 597.027
2929, 太厉害了, 496.082
2930, 敬二舅, 587.486
2931, 敬二舅, 665.976
2932, 敬二舅敬二舅, 610.481
2933, 敬二舅, 590.779
2934, 敬二舅, 601.49
2935, 敬二舅, 645.866
2936, 敬二舅, 622.049
2937, 敬二舅, 666.497
2938, 敬二舅, 593.559
2939, 致敬二舅, 620.423
2940, 敬二舅, 680.951
2941, 二舅太厉害了, 499.654
2942, 敬二舅, 591.666
2943, 敬二舅, 658.292
2944, 敬二舅, 592.502
2945, 敬二舅, 594.933
2946, 敬二舅, 667.215
2947, 敬二舅, 449.816
2948, 哭了, 555.921
2949, 敬二舅, 676.779
2950, 敬二舅, 676.599
2951, 敬二舅, 627.558
2952, 敬二舅, 605.166
2953, 敬二舅, 657.579
2954, 可惜人生不是文案, 679.341
2955, 敬二舅, 590.67
2956, 敬二舅, 588.259
2957, 敬二舅, 616.098
2958, 敬二舅, 588.361
2959, 敬二舅, 602.651
2960, 如果一直活在过去    那么将会错过未来, 632.579
2961, 敬二舅, 602.948
2962, 敬二舅, 651.831
2963, 敬二舅, 684.421
2964, 致二舅, 592.716
2965, 敬二舅, 617.439
2966, 二舅真的是天才，可惜了, 499.155
2967, 致敬二舅, 596.092
2968, 敬二舅, 644.962
2969, 敬二舅, 597.823
2970, 敬二舅, 624.459
2971, 敬二舅, 598.189
2972, 敬二舅, 613.517
2973, 敬二舅, 593.159
2974, 敬二舅, 675.292
2975, 敬二舅, 612.669
2976, 泪目, 684.196
2977, 谢谢二舅！我有力量了！, 672.452
2978, 敬二舅, 673.725
2979, 敬二舅, 628.308
2980, 敬二舅, 656.098
2981, 敬二舅, 652.24
2982, 敬二舅, 593.065
2983, 敬二舅, 658.181
2984, 敬二舅, 673.797
2985, 敬二舅, 604.414
2986, 敬二舅, 604.439
2987, 敬二舅, 678.651
2988, 敬二舅, 683.728
2989, 敬二舅, 598.559
2990, 敬二舅, 600.508
2991, 敬二舅, 597.585
2992, 敬二舅, 626.222
2993, 你有你二舅，我有我二伯, 645.299
2994, 敬二舅, 591.889
2995, 敬二舅, 586.266
2996, 敬二舅, 591.218
2997, 敬二舅, 611.687
2998, 敬二舅, 681.584
2999, 敬二舅, 660.372
3000, 酷毙了，好吧！, 496.338
