index,0
0,贴个 名牌 上去 
1,至少 一段 幸福 爱情 感受 小家 温馨 不失为 不幸 中 万幸 
2,首长 谢谢 嗷 
3,首长 搓 背 搓 很 好 
4,情节 真实 说不上 人情 无奈 看 开 
5,平凡 伟大 
6,一键 三连数 疯狂 上涨 
7,二舅 命运 和解 
8,卡 
9,恭喜 发现 宝藏 
10,币 赞多 系列 
11,卧槽 二舅 好 牛 逼 
12,敬 二舅 
13,世界 以痛 吻 却 报之以 歌 
14,世界 以痛 吻 却 报之以 歌 
15,世界 以痛 吻 却 报之以 歌 
16,首长 谢谢 夸奖 
17,版本 活着 
18,二舅 
19,再 一遍 
20,恭喜 发现 宝藏 
21,以前 结婚 没有 恋爱 女 不 喜欢 原配 后来 发现 二舅 喜欢 
22,添   柴   少   年 
23,卧槽 现实 现实 
24,上海 相当于 现在 衣服 上 logo 
25,赶紧 去 投币 
26,杀死 … … 农村 人 
27,看到 人生 全部 意义 
28,二舅 好 牛   真的 好 爱 家人 
29,二舅 致敬 
30,关键 二舅 看 三天 学会 
31,欢迎 来到 币 赞多 系列 
32,恭喜 发现 宝藏 
33,现在 电影 拍 好 
34,恭喜 发现 宝藏 
35,请 贴 梦 巴黎 
36,第一次 见到 恐怖 硬币 数 
37,OK 
38,The   great   二舅 
39,我愿 称 流媒体 时代 下 2022 年 最好 视频 化 散文 
40,才能 投币 
41,up 当代 鲁迅 
42,太棒了   回答 60 问题 
43,二舅 加油 
44,很 好看 
45,再 看 亿遍 
46,这才 真正 镇 站 之宝 
47,二舅 总有 办法 
48,二舅 不 落魄 不 可怜   
49,年度 宝藏 视频 直接 封神 之作 
50,敬 二舅 
51,这是 井陉 或者说 石家庄 南部 地区 山西 东南部 地区 
52,二舅 二舅 诶   十年 不遇 天才   拄 拐   生活 不是 电影   故事 展开   … … 
53,敬 二舅 
54,人生 海海 感觉 
55,OK 
56,世界 以痛 吻 却 报之以 歌 
57,敬 二舅 
58,卑微 伟大 
59,小 侄子 点赞 
60,
61,已经 看 三遍 
62,故事 告诉 不 考虑 北上 广深 买房子 生活 会 很 快乐 
63,敬 二舅 
64,北京 人 很会 搓 背 
65,111 
66,应该 拍成电影 致敬 二舅 
67,致敬 二舅 
68,中国 活着 美国 阿甘正传 俄罗斯 一家人 混 搭 
69,段 有种 余华 感觉 
70,视频 要求 全文 背诵 
71,致敬 
72,恭喜 破圈 
73,敬 二舅 
74,三连 
75,敬 二舅 
76,二舅 刷抖音 哈哈哈 
77,币 赞多 系列 
78,建议 反复 观看 
79,看 哭 
80,敬 二舅 
81,再来 亿遍 
82,再来 亿遍 
83,点赞 才 登陆 
84,欢迎 来到 币 赞多 系列 
85,17 41 分 有人 
86,遗憾 才 生命 主旨 理应 活 更 丰富 
87,不三连 先去 投俩 币 再 点赞 收藏 
88,看 第一遍 懵懂 第二遍 触动 第三遍 敬仰 感动 
89,第二遍 懂 
90,致敬 二舅 
91,14an 
92,敬 二舅 
93,顶 
94,敬 二舅 
95,二舅 面前 渺小 
96,第一次 见 多人 观看 
97,敬 二舅 
98,敬 二舅 
99,入站 必刷 
100,逻辑 好像 不太通 大 兄弟 
101,敬 二舅 
102,敬 二舅 
103,巅峰 之作 
104,平凡 伟大 
105,14W 离谱 
106,总是 忘不了 二舅 
107,官媒 过来 
108,拉 帮套 
109,抖音 有人 盗录 
110,每周 必看 
111,入站 必刷 
112,手中 枪 低语 4 部分 组成 填有 4 发 子弹 分别 卓越 绝妙 精彩 非凡 ? 
113,生活 中有 意外 继续 生活 
114,天才 二舅 
115,火 压 
116,牛 
117,第二个 一亿 播放 可不可以 ? 
118,二舅 献上 人生 第一个 一键 三连 
119,直视 不幸 使 人 鼓起勇气 面对 遭遇 
120,活着 更 活着 
121,二舅 不仅仅 人 词 更 像是 符号 代表 一种 坚韧 顽强 淡泊 执着 灵魂 
122,菜根 谭 推荐 一下 随遇而安 逆来顺受 不思 过往 不 念 将来 
123,尊唐 NB 
124,--- 
125,世界 上 一种 真正 英雄主义 认识 生活 真相 后 依然 热爱生活 
126,他曲 腿 上 坐 老人 一模一样 神 整个 村子 守望相助 
127,
128,第二遍 
129,最长 电影 
130,币 赞多 
131,敬 二舅 
132,不要 光 赞美 高耸 山峰 平原 丘陵 不朽 
133,感谢 二舅 故事 突然 继续 生活 下去 动力 
134,敬 二舅 
135,2022 年 最 伟大 作品 
136,敬 二舅 
137,兄弟 4 刷 
138,敬 二舅 
139,敬 二舅 
140,二舅 姥姥 故事 由此 
141,致敬 二舅 
142,火 赞 
143,希望 大家 都 早日 拔出 心中 那根 刺 ? 
144,世界 以痛 吻 却 报之以 歌 
145,入站 必刷入 站 必刷入 站 必刷 
146,17W 
147,敬 二舅 
148,公平 
149,敬 二舅 
150,敬 二舅 
151,三刷 
152,爷爷 很 厉害 活都会 干 乡里 大小事 都 会 找 帮忙 没有 好 运气 生病 去世 很 遗憾 没 见到 爷爷 
153,敬 二舅 
154,二刷 
155,敬 二舅 
156,真的 好看 
157,敬 二舅 
158,敬 二舅 
159,
160,敬 二舅 
161,视频 真的 太火 
162,视频 真的 太火 
163,视频 真的 太火 
164,看看 还 没有 三连 还 没有 三连 到底 还 没有 三连 
165,没有 声音 
166,没有 声音 
167,语言 已经 失去 应有 能力 掌声 热泪 再 无 表达 心情 
168,敬 二舅 
169,敬 二舅 666 谢谢 作者 拍摄 分享 写 遗憾 结语 很 受用 
170,敬 二舅 
171,地方 看过 特意 b 站 一键 三连 
172,批判 现在 却 想 回到 过去 
173,三刷 
174,有没有 导演 比较 心动 搞 一部 二舅 电视剧 可能 估计 现在 这年头 没 人 愿意 拍 这种 生活 片 
175,顺风 车 
176,三刷 
177,一刷 视频 二刷 二舅 三刷 网友 
178,现在 社会 太卷 搞点 反卷 内容 很 舒适 
179,现在 社会 太卷 搞点 反卷 内容 很 舒适 
180,二舅 注定 名扬天下 何种 方式 
181,敬 二舅 
182,老粉 
183,敬 二舅 
184,我要 这币 何用 
185,视频 必火 
186,来二刷 
187,看 好 几次 真的 很 感人 
188,一句 话 便是 带过 二舅 小 半辈子 
189,建议 入选 豆瓣 Top   250 
190,敬 二舅 
191,哭 
192,公平 
193,播放 量 猛 
194,12W 
195,敬 二舅 
196,神 知道 看 遍 
197,敬 二舅 
198,请 收下 膝盖 
199,敬 二舅 
200,敬 二舅 
201,敬 二舅 
202,新闻 上来 
203,公平 
204,1 
205,哭 唧唧 
206,敬 二舅 
207,
208,Ok 
209,致敬 二舅 
210,感人 平凡 中 伟大 
211,二舅 也治好 精神 内耗 
212,敬 二舅 
213,回话 
214,致敬 
215,有没有 可能 拍 一集   刚刚 
216,敬 二舅 
217,看 哭 
218,敬 二舅 
219,太牛 
220,二舅 致敬 
221,加油 加油 加油 YESyesyes 
222,好 哭 好笑 
223,凤凰 男   医疗事故   空巢 山村   不 可悲 
224,不能 破 亿 
225,现在 独生子女 没有 七大姑八大姨 高兴 悲哀 
226,奥斯卡 最佳 微 电影 奖 
227,币 赞多 系列 
228,敬 二舅 
229,敬 二舅 
230,致敬 二舅 
231,敬 二舅 
232,敬 二舅 
233,公平 
234,^ _ ^ 
235,十万人 正在 看 
236,致敬 二舅 普通 平凡 散发 人性 光芒 人 
237,大家 奋斗 不是 二舅 吃苦 取得胜利 精神 物质 双重 丰收 不是 无奈 自我 升华 
238,敬 二舅 
239,二舅 其实 勤劳 朴实 顽强 平凡 父母 缩影 
240,敬 二舅 
241,敦一敦 伟大 友谊 
242,强烈要求 进入 必看 视频 
243,敬 二舅 
244,歌颂 苦难 非 
245,敬 二舅 
246,敬 二舅 
247,敬 二舅 
248,敬 二舅 
249,敬 二舅 
250,大家 注意 看 上面 都 几十块 几块钱 
251,忽然 觉得 现在 爱情 贴 标签 好 简单   人 情感 说 清楚 
252,八万 人 
253,美化 苦难 吃 人 
254,不要 美化 苦难 
255,                                                                                                                                                                                                
256,敬 二舅 
257,恭喜 发现 镇站 之宝 
258,致敬 二舅 
259,精神 内耗 是因为 真 有人 骑 头上 作威作福 
260,411 
261,看 完 视频 想起 一句 话 世界 一种 英雄主义 认清 真相 之后 依然 热爱生活 
262,敬 二舅 
263,建议 成为 入站 必刷 
264,敬 二舅 
265,入站 必刷 
266,8.8 万 人 都 出来 
267,二舅 整挺 好 
268,老 首长 是从 人民 中来 
269,见证 二舅 打破 全站 投币 量 记录 
270,背影 潇洒 不得了 
271,敬 二舅 
272,船载 石 致敬 
273,敬 二舅 
274,敬 二舅 
275,欢迎 观看 2022 年 b 站 最佳 视频 
276,敬 二舅 
277,敬 二舅 
278,开头 片段 有意思 
279,三刷 
280,敬 二舅 
281,B 站 之王 没有 
282,敬 二舅 
283,敬 二舅 
284,视频 很 可能 变成 点赞量 硬币 量 最 视频 
285,先 投币 为敬 
286,二舅 
287,敬 二舅 
288,敬 二舅 
289,天 七百万 
290,ok 
291,致敬 二舅 
292,敬 二舅 
293,敬 二舅 
294,仙人跳 指 一种 诈财 圈套 
295,敬 二舅 
296,敬 二舅 
297,拉 帮套 指 原配 丈夫 身患 恶疾 无法 支持 家庭收入 不得不 妻子 找人来 支撑 五六十年代 极为 猖獗 
298,二舅 真实 想法 说句话 
299,视频 get 点 父亲 兄弟 母亲 几个 兄弟 不 人 
300,老师 老师 
301,敬 二舅 
302,看 好几遍 
303,尊唐 
304,低保 农合 有没有 
305,敬 二舅 
306,敬 二舅 
307,弹幕 
308,四天 0.3 亿 播放 量 离谱 
309,敬 二舅 
310,愤怒 不要 沉默 
311,敬 二舅 
312,大舅 在家 人群 里发 视频 
313,你好 poping 老太太 
314,宝贝 来看 
315,敬 二舅 
316,对不起 第一次 看到 视频 划走 现在 回来 
317,敬 二舅 
318,希望 视频 播放 不会 引来 别有用心 人 打扰 二舅 宁静 生活 
319,致敬 二舅 
320,3000 万 
321,一天 不看 浑身 难受 
322,敬 二舅 
323,敬 二舅 
324,3 
325,敬 二舅 
326,超 豪华 OK 二舅 内心 很 可爱 
327,致 二舅 
328,币 赞多 系列 
329,哭 哭 
330,欢迎 来到 币 赞多 系列 
331,敬 二舅 
332,姥姥 年纪 大 身体 很多 部位 不 自觉 抖动 像是 跳 poping 很 可爱 形容 
333,以为 要说 二舅 后来 创办 上海牌 
334,敬 二舅 
335,蚌 
336,武训 
337,致敬 二舅 
338,敬 二舅 
339,蚌 
340,敬 二舅 
341,还 真是 超 豪华 ok 牌 
342,币 赞多 系列 
343,敬 二舅 
344,致敬 二舅 
345,首长 好 首长 搓 背 很 好 
346,敬 二舅 
347,敬 二舅 
348,二舅 针   针 
349,敬 二舅 
350,越发 感觉 看余华 书 
351,苦难 无法 治愈 苦难 二舅 苦难 根源 
352,我妈 好像 二舅 
353,敬 二舅 
354,敬 二舅 
355,打不开 
356,敬 二舅 
357,
358,新一代 兵 忘 首长 人民 中来 
359,up 很棒   敬 二舅 
360,MD 
361,敬 二舅 
362,请 快 住 进 
363,大舅 二舅 都 舅 高 桌子 低 板凳 都 木头 
364,敬 二舅 
365,重 看一遍   敬 二舅   已三连 
366,二刷 
367,卧槽 
368,我家 当年 爸妈 结婚 家具 好像 
369,莫名 同步 
370,敬 二舅 
371,泪目 
372,敬 二舅 
373,
374,短暂 爱过   不求   谁又能 说 婚姻 生育 最终 结局 
375,敬 二舅 
376,出 自传 小说吧 感觉 能火 
377,公平 泪目 
378,每天 一刷 
379,再来 亿遍 
380,敬 二舅 
381,敬 二舅 
382,敬 二舅 
383,敬 二舅 
384,我服 
385,好 精神   有点 帅 
386,敬 二舅 
387,北京 很 公平 
388,没 绷住 
389,敬 二舅 
390,敬 二舅 
391,敬 二舅 
392,敬 二舅 
393,文 城 
394,残废 二舅 最 快乐 人 讽刺 不 讽刺 
395,敬 二舅 
396,夜里 两点 九千 加在 看 
397,敬 二舅 
398,破防 
399,敬 二舅 
400,敬 二舅 
401,敬 二舅 
402,敬 二舅 
403,或许 爱情 曾来 
404,敬 二舅 
405,背影 
406,敬 二舅 
407,敬 二舅 
408,敬 二舅 
409,二舅 一位 伟大 中医 治好 千万 人 恐惧 担忧 自卑 孤独 心理疾病 
410,视频 制作者 生活 亲情 很浓 家庭 二舅 积聚 30 年 深厚感情 钦佩 
411,视频 道 出 普通人 人 无奈 痛苦 煎熬 不屈 奋争 责任 友情 平和 安然 
412,敬 二舅 
413,超 豪华   OK 
414,呜呜   公平 
415,敬 二舅 
416,致 二舅 
417,哈哈哈哈 哈哈哈 哈哈哈 
418,上海 nb 
419,敬 二舅 
420,敬 二舅 
421,看 无数遍 看 不厌 
422,敬 二舅 
423,
424,再 看一遍 
425,回村 一趟 闰 土治好 鲁迅 内耗 … … 
426,文字 质朴 直击 人心 好 文采 
427,下定决心 不怕牺牲 排除万难 去 争取 胜利 ? 胜利 消灭 造成 二舅 苦难 原因 源头 
428,大 隐隐 于市 
429,敬 二舅 
430,早晚 一遍 
431,全程 二舅 没说 一句 话 
432,想 听 二舅 说点 
433,公平 
434,能发 
435,首长 谢谢 
436,敬 二舅 
437,四刷 
438,敬 二舅 
439,天才 
440,敬 二舅 
441,聪明 勤劳 二舅 
442,敬 二舅 
443,当年 赤脚医生 厉害 
444,回 湖南 32 天 决定 基本路线 
445,回 湖南 32 天 决定 基本路线 
446,相信 友善 
447,前天 看 一千万 播放 量 今天 直接 三千 三百万 播放 量 太强 
448,QQ 
449,敬 
450,宣传片 
451,看 哭 
452,努力 还 生活 苦 
453,敬 二舅 
454,敬 二舅 
455,敬 二舅 
456,敬 二舅 
457,二舅 
458,贴牌 早期 
459,敬 二舅 
460,敬 二舅 
461,OK 
462,OK 很 OK 
463,敬 二舅 
464,致敬 二舅 
465,国家 应该 普通百姓 一定 低保 补贴 上 稍微 安详 生活 
466,敬 二舅 
467,敬 二舅 
468,敬 二舅 
469,二舅 媒体 视频 火 魔幻 一段 旅程 
470,敬 二舅 
471,敬 二舅 
472,
473,敬 二舅 
474,敬 二舅 
475,加油 
476,被迫 营业 
477,敬 二舅 
478,二刷 
479,四针 扎 没 天才少年 
480,敬 二舅 
481,好 
482,刻骨铭心 
483,敬 二舅 
484,敬 二舅 
485,哈哈哈哈 
486,公平 
487,妈呀   一天 打四针   好久 才 第四 针 
488,敬 二舅 
489,敬 二舅 
490,现在 天才 老头 doge 
491,敬 二舅 
492,敬 二舅 
493,敬 老实人 
494,人生 海 海里 上校 
495,ok 
496,农村 这种 情况 很多 
497,敬 二舅 
498,敬 二舅 
499,呜呜 公平 想 
500,敬 二舅 
501,敬 二舅 
502,永远 不要 相信 苦难 值得 苦难 苦难 苦难 不会 带来 成功 苦难 不 值得 追求 
503,敬 二舅 
504,三刷 
505,致敬 二舅 
506,woc 
507,双手 曾经 拿笔 
508,敬 二舅 
509,公平 
510,好像 李宗盛 一首歌 好像 小镇 医生 故事 
511,感觉 河北 邯郸 
512,粤 A 陪 一根 
513,强烈建议 写本 二舅 传记 说 名人 伟人 才能 写 传记 
514,敬 二舅 
515,敬 二舅 
516,觉得 用土 方法 … … 
517,画面感 太强 
518,敬 二舅 
519,全部 贴 一遍 ok 
520,
521,兄弟 弹幕 公平 上 
522,敬 二舅 
523,敬 二舅 
524,敬 二舅 
525,敬 二舅 
526,纪念堂   
527,回 想起 舅爷 已经 去世 
528,二舅 出生 
529,每天 一刷 
530,敬 二舅 
531,敬 二舅 
532,首长 谢谢 夸奖 有空 常 
533,卧槽 真的 很 牛 
534,q 
535,二舅 
536,二舅 脑子 很 好     只不过 腿 不行 
537,好惨 
538,可恶 视频 只能 投 两个 币 
539,拍成电影 电视剧 会 更 火 
540,敬 二舅 
541,敬 二舅 
542,敬 二舅 
543,二舅 好 
544,起于 线 上 止 相望 渺渺 神交 一场 
545,可惜 
546,哭 死 
547,敬 二舅 
548,药物 导致 神经 损伤 没 办法 
549,天才 小老头 
550,1.6 w 人 
551,敬 二舅 
552,阿甘正传 
553,敬 二舅 
554,六刷 
555,看 还 
556,三刷 敬 二舅 
557,叛徒 
558,旁注 吻 高 
559,敬 二舅 
560,敬 二舅 
561,敬 二舅 
562,敬 二舅 
563,三千 三万 播放 量 
564,爸妈 结婚 时 柜子 好像 简直 一模一样 超 豪华 
565,爸妈 结婚 时 h 柜子 简直 一模一样 超 豪华 
566,泪目 
567,敬 二舅 
568,
569,敬 二舅 
570,币 赞多 
571,原来 变形记 
572,敬 二舅 
573,1 7w 
574,敬 二舅 
575,敬 二舅 
576,敬 二舅 
577,二舅 
578,平平淡淡 讲述 细思极 恐 故事 
579,从小 生活 小镇 上 我见 二舅 人 
580,生活 没有 二舅 这种 人 不 打错 针该 好 
581,平实 文字 语音 书写 华夏民族 悟道 历史记录 前进 路上 永远 
582,不 知道 原因 
583,敬 二舅 
584,敬 二舅 
585,Hi 
586,Salute 
587,敬 二舅 
588,敬 二舅 
589,敬 二舅 
590,办 不 下来 是因为 公平 
591,看一遍 会 
592,人生 哪有 剧本 都 现场 演出 
593,敬 二舅 
594,二舅 总有 办法 
595,现实 版阿甘 
596,历史 巨轮 下 每个 人 都 渺小 
597,回村 三天 闰 土治好 精神 内耗 
598,敬 二舅 
599,敬 二舅 
600,真正 优秀 人 都 埋头苦干   不像 .. 
601,wc 
602,不 知道 两个 小孩子 愿 平安 
603,六舅 
604,六舅 
605,敬 二舅 
606,谢谢 二舅 努力 生活 争取 做 世界 上 快乐 人 
607,不要 乱打 针 
608,敬 二舅 
609,天才 二舅 
610,天知道 
611,敬 二舅 
612,天知道 
613,敬 二舅 
614,敬 二舅 
615,敬 二舅 
616,好 牛 
617,敬 二舅 
618,也许 
619,敬 二舅 
620,敬 二舅 
621,刚 二舅 治 好 周公子 背刺 
622,中国 小说 现实 同一个 味道 
623,硬核 二舅 
624,苯 甲醇 好像 
625,厉害 
626,牛牛 牛 
627,公平 
628,敬 二舅 
629,敬 二舅 
630,敬 劳动者 
631,敬 二舅 
632,敬 二舅 
633,真善美 
634,敬 二舅 
635,笑 哭 
636,敬 二舅 
637,敬 二舅 
638,敬 二舅 
639,敬 二舅 
640,
641,敬 二舅 
642,公平 时代 不 公平 
643,阿甘正传 
644,敬 二舅 
645,zhi 
646,首长 谢谢 夸奖 
647,敬 二舅 
648,看到 点 进来 点个 赞 
649,敬 二舅 
650,三连 二舅 投 
651,很 爱 家人 
652,终于 找到 原 视频 
653,敬 二舅 
654,首长 肯定 
655,敬 二舅 
656,敬 二舅 
657,敬 二舅 
658,莫名 一种 活着 感觉 
659,
660,敬 二舅 
661,没 经历 苦难 人才 会 歌颂 苦难 
662,看看 周公子 朋友圈 
663,看到 周公子 朋友圈 
664,三天 学会 木匠 真 神童 
665,敬 二舅 
666,刷 好几遍 想 看 
667,敬 二舅 
668,致敬 
669,苦难 用来 歌颂 二舅 说话 说不定 现实 很 不满 强加 意志 二舅 
670,致敬 二舅 
671,房地产 这时候 
672,太原 车上 广播 听到 
673,入站 必刷 
674,敬 二舅 
675,好 厉害 
676,二舅 太牛 
677,照片 画质 糊 一点 去 问问 长辈 
678,史森明 
679,敬 二舅 
680,敬 二舅 
681,致敬 二舅 
682,拉 帮套 
683,二万多 人 都 出来 
684,敬 二舅 
685,敬 二舅 
686,保护 
687,敬 二舅 
688,公平 
689,责任 
690,580 万 硬币 厉害 死 
691,最大 悲哀 没人 想 成为 二舅 却 逼 扮演 二舅 
692,所谓 情感 
693,年代 婚姻 几乎 都 媒妁之言 父母之命 
694,敬 二舅 
695,敬 二舅 
696,高看 十眼 
697,弹幕 
698,突然 想到 余华 活着 
699,敬 二舅 
700,不想 二舅 都 想 周公子 
701,作者 告诉 不要 乱打 针 后果 很 严重 
702,致敬 认真 生活 人 
703,敬 二舅 
704,或许 二舅 早已 忘怀 
705,贴牌 家具 石锤 
706,金子 都 会 发光 尊唐 YYDS 
707,回来 点个 三 
708,敬 二舅 
709,敬 二舅 
710,敬 二舅 
711,苦难 身上 汲取 力量 去 在意 苦难 苦难 
712,敬 二舅 
713,苦难 身上 汲取 力量 去 在意 苦难 苦难 
714,敬 二舅 
715,敬 二舅 
716,0 14 
717,二舅 好惨 
718,每多 二舅 故事 深感 前路 漫漫 不用 人民 负重 前行 社会 会 
719,鲁迅 
720,常看 常新 
721,昨天晚上 班主任 刚 班 里面 放过 今天 回来 刷 
722,二舅 越 周公子 越 舒服 
723,敬 二舅 
724,敬 二舅 
725,致敬 二舅 
726,敬 二舅 
727,全文 背诵 
728,929 
729,敬 二舅 
730,致敬 二舅 
731,
732,家具 厉害 
733,全世界 无产者 联合 起来 
734,致敬 二舅 平凡 不 平凡 
735,敬 二舅 
736,扛过 苦难 人 值得 歌颂 
737,2.2 万人 
738,敬 苦难 
739,敬 二舅 
740,敬 二舅 
741,
742,我家 老 厨柜 超 豪华 ok 
743,敬 二舅 
744,活着 
745,这是 作者 表达 观点 
746,
747,敬 二舅 
748,这是 
749,敬 二舅 
750,敬 二舅 
751,闰土 祥子 觉得 很赞 
752,致敬 二舅 感谢 作者 
753,致敬 二舅 
754,别忘了 时代 包办婚姻 
755,敬 二舅 
756,个人 推测 青霉素 注射 青霉素 中 含本 甲醇 提高 青霉素 溶解 可能 导致 肌肉 坏死 
757,火出 圈 
758,不 不 不 
759,敬 二舅 
760,苦难 不会 摧毁 人 奴役 才 会 摧毁 人 
761,镇站 之宝 
762,1200 一条 烟 
763,埋怨 没鞋 穿 却 发现 人 没有 脚 
764,汲取 力量 
765,公平 
766,二舅 
767,二舅 
768,二舅 真的 慈眉善目 
769,首长 糟 我成 搓 背 
770,老师 写 观后感 再 看一遍 
771,难能可贵 
772,敬 二舅 
773,敬 二舅 
774,
775,拆上 几次 会 修 
776,哈哈哈 哈哈哈 世 
777,真 ? 全村 希望 
778,家伙 没 瘸 觉得 可能 享受 二舅 科研成果 
779,天呐 … 从未 想过 角度 … 却 真实 … 
780,超人 二舅 
781,神仙下凡 辛苦 
782,二舅 可能 都 去 设计 火箭 
783,造化弄人 当时 庸医 治好 二舅 感觉 二舅 一定 能过 风生水 
784,真的 又哭又笑 
785,二舅 村里 柱子 
786,年度 最佳 二舅 纪录片 
787,突然 泪目 去 去 大 舞台 
788,哈哈哈哈 哈哈哈哈 可怜 老头 
789,手机 光荣 
790,物理题 画出 二舅 姥姥 位移 时间 曲线 
791,文案 太好了 淡淡的 叙述 人 落泪 币 留不住 
792,二舅 实际上 守护 村子 
793,woc 太对 
794,二舅 奇才 
795,世界末日 后 只 剩下 最后 人 一定 二舅 
796,哈哈哈 哈哈哈 二舅 姥姥 好 可爱 
797,绝 文案   真的 想 哭 想 笑 
798,哈哈哈 幸亏 卦 不是 写 
799,几年 后 二舅 突破 芯片 3nm 节点 
800,插 线板 电源 忘 打开 真实 哈哈哈哈 哈哈哈 
801,拆上 几次 会 修 
802,几句话 格局 其实 很大 反应 现在 农村 现实 
803,快   手     修 
804,六边形 战士 
805,最 代表 现代化 最贵 三样 
806,腿脚 不 方便 人 却 活成 全村 拐杖 
807,二舅 一辈子 都 创造 修复 包括 
808,二舅 总有 办法 
809,看到 宁宁 珠圆玉润 大包 小裹 带 老公 孩子 杀回 二舅 家里 真的 觉得 好 温馨 
810,遗憾 电影 里 主角 崛起 前 戏 生活 里 人 沉沦 毒药 
811,俗世 奇才 
812,两年 后 二舅 成功 研制 出 0.5 nm   SoC 
813,超酷 OK 
814,明年 变成 6789 组合 
815,理应 认可 平凡 小资 生活 以外 生活 方式 
816,哈哈哈 哈哈哈 伤感 幽默 
817,差点 以为 出题 
818,说 不好过 几年 写个 app 出来 
819,点名 批评 弟弟 
820,哭 死 二舅 遗憾 
821,手机 我滴 任务 … … 
822,小孩 小 不是 瞎 
823,学霸 学霸 搞 深入研究 一种 帮到   所有 身边 人 
824,其实 二舅 都 天才少年   扇 窗 关 
825,机械系 毕业生 表示 都 不会 
826,不要 光 赞美 高耸 山峰 平原 丘陵 不朽 
827,全村 上校 
828,二舅 村里 守护神 守护 这块 土地 
829,点名 批评 
830,曹禺 上帝 先 人们 丑陋 使 不再 惧怕 死亡 
831,手机带 使命 来到 二舅 身边 
832,年轻人 都 走 只 剩 老年人 村子 一起 老去 
833,哈哈哈哈 看到 又哭又笑 
834,二舅 可怜 不 落魄 
835,走近 科学 拍 十集 
836,上帝 二舅 关上 一扇门 二舅 修成 全景 别墅 
837,现在 余华 笔下 坎坷 伟大 普通人 
838,突然 想 起来 开头 说 二舅 天才少年 此言 不 虚 
839,呜呜 呜呜 真的 美好 
840,出生 21 世纪 二舅 大概 进 中科院 已经 
841,没有 那场 意外 现在 生活 
842,文案 值得 学习 一辈子 
843,点   名   表   扬 
844,每个 村 都 树 先生 
845,还好 段 视频 天下人 都 认识 二舅 
846,可怜 老头 
847,歪子 扛 把子 
848,一句 可怜 老头 本来 笑 一声 哭 
849,二舅 考上 大学 现在 一定 中科院 
850,两年 二舅 写 代码 编程 
851,歪子 大多数 人 走 都 正 
852,木 水电 全栈 工程师 
853,盒子 好 有趣 好 巧妙 hhh 
854,二舅 村子 里 守护神 
855,「 小孩 小 不是 瞎 
856,六边形 战士 二舅 
857,嬉皮笑脸 
858,说 二舅 平凡人 比不上 栋梁 
859,领域 院士 
860,二舅 总有 办法 
861,当年 不是 那位 医生 可能 二舅 现在 造 
862,二舅 总有 办法 
863,仔细 看 短 视频 里 都 做 手工 活 视频 
864,觉得 两年 二舅 做 芯片 
865,逼 姥姥 锻炼 真实 哈哈哈 哈哈哈 
866,马上 6789 更酷 
867,赤脚医生 手册 
868,每个 人 都 清楚 歪子 都 正 
869,善解人意 哥哥 
870,老 北京 叫声 歪爷 
871,人 光刻机 二舅 拿上来 
872,没有 那场 病 二舅 说不定 高级 工程师 
873,中国 无数个 二舅 
874,此弟 不宜 久留 
875,这位 歪子 全村 柱子 
876,说不定 会 成为 冯骥才 笔下 俗世 奇人 
877,卧槽 真 六边形 战士 
878,需要 支柱 人 却 成 全村 支柱 
879,二舅 顾住 整个 村 乡亲们 却 唯独 没有 顾得上 
880,放 随身携带 
881,双斑锦蛇 无 毒蛇 性格 温顺 
882,还 记得 别人 口中 不 懂 礼貌 
883,上帝 二舅 关 一扇 窗 二舅 三室一厅 
884,盒子 太酷 
885,没有 那场 医疗事故 二舅 应该 走 很 远 
886,端正 死亡 观在 时代 很 珍贵 
887,此弟 不宜 久留 
888,「 小孩 小 不是 瞎 7 字 破防 
889,明年 6789 更酷 真的 笑 死 
890,二舅 能造 光刻机 不 
891,二舅 社会底层 闪闪发光 六边形 战士 
892,冤种 弟弟 
893,魔法师 
894,明年 6789 组合 酷 要死 
895,人生 最大 遗憾 遗憾 过去 遗憾 
896,露脸 表扬 
897,六边形 工匠 
898,小孩 小 不是 瞎 说 心坎 里 
899,下 笔记本 上面 一句 鲜血 流 祖国 寸土 不能 丢 
900,拆   上     次 
901,原来 文明 6 村民 告诉 核聚变 秘密 道理 
902,六边形 战士 
903,二舅 生活 家境 好 地方 他会 伟大 科学家 
904,行动 最好 老师 
905,此弟 不宜 久留 
906,鲁迅 表达方式 内在 普通百姓 调调 不论什么 故事 叙说 普通百姓 自然 会 鲁迅 味道 
907,生不逢时 倒不如说 天妒 英才 
908,小孩 小 不是 瞎 
909,也许 上天 派 二舅 做 全村 守护神 做 小家 明灯 
910,弟弟 好 哥哥 谢谢 … … 
911,此弟 不宜 久留 
912,挂 
913,二舅 甭 拍 孩儿 走 嘞 还 谋 快 
914,下面 全国 人民 团结起来 争取 更大 胜利 
915,还 发 没 明白 UP 良苦用心 告诉 大家 不要 遗憾 活在 当下 
916,六边形 二舅 
917,小孩 小 不是 瞎   精髓 
918,此弟 不宜 久留 
919,华强北 劲敌 
920,二舅 当时 没有 放弃 学业 会 不会 现在 已经 一位 中国 大牛 
921,早晨 扔掉 所有 昨天 从此 脚步 轻盈 
922,敬 二舅 
923,文案 建议 纳入 教材 
924,敬 二舅 
925,
926,敬 二舅 
927,好好学 中医 
928,敬 二舅 
929,敬 二舅 
930,生活 根本 干扰 不了 
931,敬 二舅 
932,敬 二舅 
933,敬 二舅 
934,敬 二舅 
935,敬 二舅 
936,臣密 今年 
937,敬 二舅 
938,二舅 好 厉害 
939,敬 二舅 
940,敬 二舅 
941,敬 二舅 
942,敬 二舅 
943,敬 二舅 
944,敬佩 
945,敬 二舅 
946,敬 二舅 
947,敬 二舅 
948,进 二舅 
949,敬 二舅 
950,敬 二舅 
951,敬 二舅 
952,敬 二舅 
953,敬 二舅 
954,敬 二舅 
955,敬 二舅 
956,敬 二舅 
957,敬 二舅 
958,眼泪 不争气 流 下来 
959,敬 二舅 
960,敬 二舅 
961,敬 二舅 
962,视频 里 看到 现代人 丰富 物质条件 贫瘠 精神力量 贫瘠 物质条件 丰富 强健 精神力量 羡慕 嫉妒 
963,敬 二舅 
964,敬 二舅 
965,全国 人民 团结起来 争取 更大 胜利 
966,敬 二舅 
967,敬 二舅 
968,敬 二舅 
969,敬 二舅 
970,敬 二舅 
971,6 边形 
972,敬 二舅 
973,敬 二舅 
974,下 python 
975,敬 二舅 
976,敬 二舅 
977,敬 二舅 
978,哈哈哈哈 
979,敬 二舅 
980,
981,敬 二舅 
982,敬 二舅 
983,敬 二舅 
984,哭 厉害 
985,敬 二舅 
986,敬 二舅 
987,二舅 天才 不是 人       不用 模仿     学不来 
988,敬 二舅 
989,敬 二舅 
990,敬 二舅 
991,敬 二舅 
992,敬 二舅 
993,敬 二舅 
994,敬 二舅 
995,敬 二舅 敬 天下 默默 
996,敬 二舅 
997,敬 二舅 
998,阅读 理解 
999,芯片 有救 
1000,敬 二舅 
1001,敬 二舅 
1002,敬 二舅 
1003,敬 二舅 
1004,敬 二舅 
1005,敬 二舅 
1006,致敬 二舅 
1007,敬 二舅 
1008,敬 二舅 
1009,敬 二舅 
1010,er 好家伙 写轮眼 
1011,敬 二舅 
1012,敬 二舅 
1013,敬 二舅 
1014,敬 二舅 
1015,敬 二舅 
1016,致敬 二舅 
1017,敬 二舅 
1018,敬 二舅 
1019,敬 二舅 
1020,敬 二舅 
1021,卧槽 幽默 讲 悲剧 
1022,敬 二舅 
1023,敬 二舅 
1024,  不 走进 科学 
1025,敬 二舅 
1026,敬 二舅 
1027,敬 二舅 
1028,敬 二舅 
1029,二舅 
1030,敬 二舅 
1031,敬 二舅 
1032,敬 二舅 
1033,敬 二舅 
1034,无所不能 二舅 
1035,敬 二舅 
1036,没有 华丽 语言 去 赞美 只用 两字 代替 真 好 
1037,致敬 二舅 
1038,全能 二舅 
1039,敬 二舅 
1040,敬 二舅 
1041,想 投 硬币 平凡人 普通人 二舅 
1042,敬 二舅 
1043,敬 二舅 
1044,敬 二舅 
1045,敬 二舅 
1046,敬 二舅 
1047,敬 二舅 
1048,敬 二舅 
1049,敬 二舅 
1050,敬礼 
1051,敬 二舅 
1052,敬 二舅 
1053,敬 二舅 
1054,敬 二舅 
1055,敬 二舅 
1056,敬 二舅 
1057,敬 二舅 
1058,敬 二舅 
1059,致敬 二舅 
1060,敬 二舅 
1061,敬 二舅 
1062,敬 二舅 
1063,敬 二舅 
1064,敬 二舅 
1065,敬 二舅 
1066,敬 二舅 
1067,敬 二舅 
1068,敬 二舅 
1069, 敬 二舅 
1070,敬 二舅 
1071,敬 二舅 
1072,敬 二舅 
1073,敬 二舅 
1074, 敬 二舅 
1075,敬 二舅 
1076,敬 二舅 
1077,文笔 太牛 逼 
1078,二舅 真酷 
1079,敬 二舅 
1080,敬 二舅 
1081,敬 二舅 
1082,敬 二舅 
1083,敬 二舅 
1084,敬 二舅 
1085,敬 二舅 
1086,敬 二舅 
1087,敬 二舅 
1088,敬 二舅 
1089,敬 二舅 
1090,会 总结 
1091,敬 二舅 
1092,1 万 朋友 好 
1093,敬 二舅 
1094,敬 二舅 
1095,敬 二舅 
1096,敬 二舅 
1097,敬 二舅 
1098,敬 二舅 
1099,敬 二舅 
1100,敬 二舅 
1101,敬 二舅 
1102,水平 余华 直呼 内行 
1103,敬 二舅 
1104,敬 二舅 
1105,敬 二舅 
1106,敬 二舅 
1107,敬 二舅 
1108,敬 二舅 
1109,敬 二舅 
1110,敬 二舅 
1111,敬 二舅 
1112,致敬 二舅 
1113,lil 
1114,敬 二舅 
1115,敬 二舅 
1116,Hello 树 先生 
1117,敬 二舅 
1118,敬 二舅 
1119,每个 村子 里 都 二舅 敬 二舅 
1120,哈哈哈 哈哈哈 
1121,敬 二舅 
1122,敬 二舅 
1123,7.29     3309.5 万 
1124,敬 二舅 
1125,敬 二舅 
1126,今天 China   Daily 看到 二舅 
1127,二舅 整个 光刻机 不 
1128,敬 二舅 
1129,敬 二舅 
1130,好 牛 逼 
1131,敬 二舅 
1132,敬 二舅 
1133,敬 二舅 
1134,敬 二舅 
1135,敬 二舅 
1136,敬 二舅 
1137,敬 二舅 
1138,敬 二舅 
1139,敬 二舅 
1140,两年 二舅 转行 程序员 
1141,敬 二舅 
1142,敬 二舅 
1143,敬 二舅 
1144,敬 二舅 
1145,敬 二舅 
1146,敬 二舅 
1147,敬 二舅 
1148,敬 二舅 
1149,致 二舅 
1150,敬 二舅 
1151,敬 二舅 
1152,敬 二舅 
1153,敬 二舅 
1154,敬 二舅 
1155,敬 二舅 
1156,敬 二舅 
1157,敬 二舅 
1158,敬 二舅 
1159,敬 二舅 
1160,敬 二舅 
1161,敬 二舅 
1162,敬 二舅 
1163,敬 二舅 
1164,敬 二舅 
1165,酷 
1166,敬 二舅 
1167,敬 二舅 
1168,敬 二舅 
1169,敬 二舅 
1170,敬 二舅 
1171,胜利 
1172,不酷 活得 多酷 大城市 卑微 打工 人活 狗 
1173,敬 二舅 
1174,敬 二舅 
1175,敬 二舅 
1176,敬 二舅 
1177,敬 二舅 
1178,敬 二舅 
1179,敬 二舅 
1180,厌恶 苦难 
1181,敬 二舅 
1182,敬 二舅 
1183,敬 二舅 
1184,敬 二舅 
1185,太棒了 
1186,敬 二舅 
1187,敬 二舅 
1188,万能 二舅 
1189,敬 二舅 
1190,敬 二舅 
1191,敬 二舅 
1192,敬 二舅 
1193,敬 二舅 
1194,泪目 
1195,敬 二舅 
1196,敬 二舅 
1197,敬 二舅 
1198,敬 二舅 
1199,敬 二舅 
1200,手工 耿 
1201,敬 二舅 
1202,敬 二舅 
1203,万能 二舅 
1204,树 先生 意思 
1205,敬 二舅 
1206,敬 二舅 
1207,敬 二舅 
1208,敬 二舅 
1209,宁宁 大 表姐 
1210,敬 二舅 
1211,敬 二舅 
1212,敬 二舅 
1213,敬 二舅 
1214,敬 二舅 
1215,敬 二舅 
1216,敬 二舅 
1217,敬 二舅 
1218,敬 二舅 
1219,你币 
1220,光头 表示 很赞 
1221,敬 二舅 
1222,敬 二舅 
1223,光头 表示 很赞 
1224,敬 二舅 
1225,敬 二舅 
1226,敬 二舅 
1227,敬 二舅 
1228,敬 二舅 
1229,敬 二舅 
1230,敬 二舅 
1231,敬 二舅 
1232,敬 二舅 
1233,致 二舅 
1234,
1235,敬 二舅 
1236,敬 二舅 
1237,敬 二舅 
1238,这字 真 漂亮 
1239,敬 二舅 
1240,
1241,敬 二舅 
1242,鲜血 流 祖国 寸土 不可 丢 
1243,敬 二舅 
1244,敬 二舅 
1245,敬 二舅 
1246,敬 二舅 
1247,敬 二舅 
1248,敬 二舅 
1249,敬 二舅 
1250,敬 二舅 
1251,敬 二舅 
1252,敬 二舅 
1253,敬 二舅 
1254,敬 二舅 
1255,敬 二舅 
1256,敬 二舅 
1257,敬 二舅 
1258,敬 二舅 
1259,敬 二舅 
1260,敬 二舅 
1261,敬 二舅 敬 
1262,满分 作文 
1263,敬 二舅 
1264,敬 二舅 
1265,敬 二舅 
1266,敬 二舅 
1267,jing       er       jiu 
1268,那种 勃勃生机 万物 竞发 境界 犹在 眼前 
1269,那种 勃勃生机 万物 竞发 境界 犹在 眼前 
1270,光头 表示 很赞 
1271,敬 二舅 
1272,下面 手抄 东方红 歌词 
1273,敬 二舅 
1274,敬 二舅 
1275,感觉 二舅 都 会 
1276,敬 二舅 
1277,敬 二舅 
1278,敬 二舅 
1279,敬 二舅 
1280,结局 好好 
1281,牛牛 牛 
1282,敬 二舅 
1283,敬 二舅 
1284,敬 二舅 
1285,敬 二舅 
1286,敬 二舅 
1287,致 二舅 
1288,电焊机 
1289,看 哭 稀里哗啦 
1290,敬 二舅 
1291,可能 走 
1292,没 做好 
1293,看 沉迷 什么游戏 东西 不必 沉迷 
1294,看看 一生 四肢 健全 会 事情 天天 还 抱怨 无言以对 
1295,敬 二舅 
1296,敬 二舅 
1297,敬 二舅 
1298,苏式彩画 
1299,敬 二舅 
1300,致敬 
1301,敬 二舅 
1302,敬 二舅 
1303,能力 还 不好 老天 到底 想 好 不好 
1304,敬 二舅 
1305,敬 二舅 
1306,敬 二舅 
1307,盒子 好 创意 
1308,jingyejiu 
1309,敬 二舅 
1310,敬 二舅 
1311,jingerjiu 
1312,敬 二舅 
1313,天 真的 总有 办法 
1314,中国 版 楢 山节 考 
1315,敬 二舅 
1316,手工 耿 老年 版 
1317,敬 二舅 
1318,敬 二舅 
1319,敬 二舅 
1320,敬 二舅 
1321,敬 二舅 
1322,敬 二舅 
1323,敬 二舅 
1324,敬 二舅 
1325,敬 二舅 
1326,敬 二舅 
1327,敬 二舅 
1328,敬 二舅 
1329,敬 二舅 
1330,敬 二舅 
1331,敬 二舅 
1332,泪流满面 
1333,敬 二舅 
1334,敬 二舅 
1335,敬 二舅 
1336,敬 二舅 
1337,敬 二舅 
1338,敬 二舅 
1339,敬 二舅 
1340,敬 二舅 
1341,敬 二舅 
1342,敬 二舅 
1343,声音 口语 有点像 老鹰 
1344,敬 二舅 
1345,敬 二舅 
1346,敬 二舅 
1347,
1348,敬 二舅 
1349,敬 二舅 
1350,敬 二舅 
1351,敬 二舅 
1352,敬 二舅 
1353,二舅 治愈 
1354,敬 二舅 
1355,二舅 
1356,敬 二舅 
1357,帕金森 
1358,敬 二舅 
1359,敬 二舅 
1360,敬 二舅 
1361,敬 二舅 
1362,敬 二舅 
1363,敬 二舅 
1364,敬 二舅 
1365,敬 二舅 
1366,敬 二舅 
1367,敬 二舅 
1368,敬 二舅 
1369,敬 二舅 
1370,敬 二舅 
1371,敬 二舅 
1372,敬 二舅 
1373,高手 人间 
1374,敬 二舅 
1375,敬 二舅 
1376,敬 二舅 
1377,敬 二舅 
1378,敬 二舅 
1379,敬 二舅 
1380,敬 二舅 
1381,敬 二舅 
1382,敬 二舅 
1383,敬 二舅 
1384,敬 二舅 
1385,敬 二舅 
1386,敬 二舅 
1387,文心雕龙 
1388,敬 二舅 
1389,敬 二舅 
1390,敬 二舅 
1391,哈哈哈 
1392,敬 二舅 
1393,敬 二舅 
1394,敬 二舅 
1395,扛 把子 
1396,敬 二舅 
1397,敬 二舅 
1398,敬 二舅 
1399,敬 二舅 
1400,敬 二舅 
1401,敬 二舅 
1402,敬 二舅 
1403,敬 二舅 
1404,敬 二舅 
1405,敬 二舅 
1406,敬 二舅 
1407,敬 二舅 
1408,
1409,敬 二舅 
1410,敬 二舅 
1411,致敬 二舅 
1412,敬 二舅 
1413,敬 二舅 
1414,敬 二舅 
1415,敬 二舅 
1416,敬 二舅 
1417,敬 二舅 
1418,身体健康 留恋 没关系 
1419,敬 二舅 
1420,
1421,敬 二舅 
1422,敬 二舅 
1423,敬 二舅 
1424,敬 二舅 
1425,
1426,敬 二舅 
1427,敬 二舅 
1428,敬 二舅 
1429,敬 二舅 
1430,敬 二舅 
1431,敬 二舅 
1432,敬 二舅 
1433,敬 二舅 
1434,敬 二舅 
1435,遗憾 才 青春 
1436,泪目 
1437,路上 顺便 做 件 衣服 换上 
1438,敬 二舅 
1439,异 世界 二舅 
1440,敬 二舅 
1441,敬 二舅 
1442,敬 二舅 
1443,敬 二舅 
1444,敬 二舅 
1445,敬 二舅 
1446,敬 二舅 
1447,敬 二舅 
1448,哈哈哈 哈哈哈 
1449,敬 二舅 
1450,nb 
1451,敬 二舅 
1452,敬 二舅 
1453,遗憾 致敬 二舅 
1454,敬 二舅 
1455,一点 三万人 正在 看 
1456,敬 二舅 
1457,觉得 残废 人 
1458,敬 二舅 
1459,敬 二舅 
1460,敬 二舅 
1461,敬 二舅 
1462,敬 二舅 
1463,二舅 村子 里 守护神 
1464,敬 二舅 
1465,敬 二舅 
1466,敬 二舅 
1467,敬 二舅 
1468,下定决心 不怕牺牲 排除万难 去 争取 胜利 
1469,敬 二舅 
1470,敬 二舅 
1471,敬 二舅 
1472,敬 二舅 
1473,敬 二舅 
1474,敬 二舅 
1475,下定决心 不怕困难 排除万难 去 争取 胜利 
1476,敬 二舅 
1477,敬 二舅 
1478,敬 二舅 
1479,敬 二舅 
1480,敬 二舅 
1481,敬 二舅 
1482,敬 二舅 
1483,六边形 战士 
1484,敬 二舅 
1485,树 先生 可不 快乐 悲痛 哀伤 
1486,敬 二舅 
1487,敬 二舅 
1488,敬 二舅 
1489,敬 二舅 
1490,敬 二舅 
1491,敬 二舅 
1492,敬 二舅 
1493,敬 二舅 
1494,敬 二舅 
1495,弟弟 可爱 
1496,敬 二舅 
1497,敬 二舅 
1498,敬 二舅 
1499,厉害 
1500,敬 二舅 
1501,两个 币 当作 我敬 二舅 
1502,敬 二舅 
1503,
1504,敬 二舅 
1505,敬 二舅 
1506,遗憾 真的 很 遗憾 
1507,敬 二舅 
1508,敬 二舅 
1509,敬 二舅 
1510,敬 二舅 
1511,敬 二舅 
1512,想到 王 爷爷   555 
1513,敬 二舅 
1514,敬 二舅 
1515,敬 二舅 
1516,平凡 不 平凡 一生 
1517,亲情 浓厚 
1518,敬 
1519,敬 二舅 
1520,敬 二舅 
1521,敬 二舅 
1522,jinger 敬 二舅 
1523,牛 
1524,敬 二舅 
1525,敬 二舅 
1526,拽 面 
1527,平凡 伟大 
1528,敬 二舅 
1529,敬 二舅 
1530,敬 二舅 
1531,敬 二舅 
1532,敬 二舅 
1533,敬 二舅 
1534,敬 二舅 
1535,敬 二舅 
1536,敬 二舅 
1537,敬 二舅 
1538,敬 二舅 
1539,平凡 却 伟大 
1540,敬佩 
1541,敬 二舅 
1542,敬 二舅 
1543,
1544,二舅 
1545,敬 二舅 
1546,敬 二舅 
1547,敬 二舅 
1548,不公 已过 走向 未来 
1549,敬 二舅 
1550,敬 二舅 
1551,敬 二舅 
1552,敬 二舅 
1553,敬 二舅 
1554,敬 二舅 
1555,敬 二舅 
1556,敬 二舅 
1557,敬 二舅 
1558,敬 二舅 
1559,敬 二舅 
1560,敬 二舅 
1561,敬 二舅 
1562,敬 二舅 
1563,敬 二舅 
1564,敬 二舅 
1565,敬 二舅 
1566,敬 二舅 
1567,敬 二舅 
1568,敬 二舅 
1569,必须 三连 
1570,敬 二舅 
1571,敬 二舅 
1572,笑 笑 哭 
1573,敬 二舅 
1574,敬 二舅 
1575,敬 二舅 
1576,平凡 中 不 平凡 敬佩 
1577,哈哈哈 哈哈哈 
1578,救命 从头 哭 尾 
1579,敬 二舅 
1580,敬 二舅 
1581,敬 二舅 
1582,敬 二舅 
1583,敬 二舅 
1584,太酷 
1585,敬 二舅 
1586,敬 二舅 
1587,敬 二舅 
1588,敬 二舅 
1589,敬 二舅 
1590,写 本书 
1591,敬 二舅 
1592,敬 二舅 
1593,此弟 不宜 久留 
1594,敬 二舅 
1595,强烈建议 写本 二舅 传记 说 名人 伟人 才能 写 传记 
1596,妈呀 哭 
1597,敬 二舅 
1598,敬 二舅 
1599,敬 二舅 
1600,敬 二舅 
1601,敬 二舅 
1602,敬 二舅 
1603,敬 二舅 
1604,敬 二舅 
1605,敬 二舅 
1606,敬 二舅 
1607,敬 二舅 
1608,敬 二舅 
1609,敬 二舅 
1610,敬 二舅 
1611,哈哈哈 哈哈哈 哈哈哈 
1612,敬 二舅 
1613,二舅 活 抖音 上 大伯 二伯 活 
1614,敬 二舅 
1615,敬 二舅 
1616,敬 二舅 
1617,才 废人 
1618,敬 二舅 
1619,敬 二舅 
1620,敬 二舅 
1621,敬 二舅 
1622,针 耽误 工程 院士 
1623,敬 二舅 
1624,敬 二舅 
1625,敬 二舅 
1626,敬 二舅 
1627,敬 二舅 
1628,敬 二舅 敬 所有 二舅 命运 坎坷 却活 出自 人 
1629,敬 二舅 
1630,敬 二舅 
1631,敬 二舅 
1632,致敬 
1633,敬 二舅 
1634,敬 二舅 
1635,敬 二舅 
1636,敬 二舅 
1637,敬 二舅 
1638,敬 二舅 
1639,敬 二舅 
1640,舅舅 歪子 
1641,敬 二舅 敬 所有 
1642,流泪 
1643,敬 二舅 
1644,敬 二舅 
1645,宁宁 二旧 人 
1646,谢谢 二舅 
1647,敬 二舅 
1648,敬 二舅 
1649,敬 二舅 
1650,敬 二舅 
1651,敬 二舅 
1652,敬 二舅 
1653,敬 二舅 
1654,敬 二舅 
1655,村里 守护神 
1656,敬 二舅 
1657,敬 二舅 
1658,敬 二舅 
1659,敬 二舅 
1660,敬 二舅 
1661,敬 二舅 
1662,六边形 战士 二舅 
1663,敬 二舅 
1664,敬 二舅 
1665,敬 二舅 
1666,敬 二舅 
1667,敬 二舅 
1668,敬 二舅 
1669,敬 二舅 
1670,敬 二舅 
1671,祖国 寸士 不可 丢 
1672,下定决心 不怕牺牲 排除万难 去 争取 胜利 
1673,宁宁 好 漂亮 
1674,敬 二舅 
1675,敬 二舅 
1676,敬 二舅 
1677,敬 二舅 
1678,敬 二舅 
1679,敬 二舅 
1680,敬 二舅 
1681,敬 二舅 
1682,敬 二舅 
1683,敬 二舅 
1684,敬 二舅 
1685,敬 二舅 
1686,敬 二舅 
1687,敬 二舅 
1688,敬 二舅 
1689,敬 二舅 
1690,敬 二舅 
1691,敬 二舅 
1692,敬 二舅 
1693,看到 真的 泪目 
1694,敬 二舅 
1695,敬 二舅 
1696,敬 二舅 
1697,敬 二舅 
1698,敬 二舅 
1699,敬 二舅 
1700,敬 二舅 
1701,敬 二舅 
1702,致敬 
1703,敬 二舅 
1704,牛 
1705,敬 二舅 
1706,敬 二舅 
1707,旷世奇才 
1708,敬 二舅 
1709,敬 二舅 
1710,敬 二舅 
1711,敬 二舅 
1712,敬 二舅 
1713,二舅 nb 
1714,敬 二舅 
1715,敬 二舅 
1716,敬 二舅 
1717,平凡 不 平凡 
1718,敬 二舅 
1719,敬 二舅 
1720,视频 名扬天下 
1721,敬 二舅 
1722,敬 二舅 
1723,敬 二舅 
1724,敬 二舅 
1725,敬 二舅 
1726,点名 批评 弟弟 
1727,敬 二舅 
1728,二舅 真的 哭 死 
1729,光头 觉得 很赞 
1730,敬 二舅 
1731,敬 二舅 
1732,点名 批评 
1733,敬 二舅 
1734,敬 二舅 
1735,不要 出去 
1736,还行 
1737,敬 二舅 
1738,天妒 英才 
1739,真 六边形 战士 
1740,歪子 柱子 
1741,敬 二舅 
1742,早就 说 二舅 脑子 很 好 
1743,敬 二舅 
1744,敬 二舅 
1745,敬 二舅 
1746,敬 二舅 
1747,敬 二舅 
1748,敬 二舅 
1749,敬 二舅 
1750,敬 二舅 敬 二舅 
1751,敬 二舅 
1752,敬 二舅 
1753,盒子 简直 帅到 靠北 
1754,敬 二舅 
1755,敬 二舅 
1756,现实 版 活着 
1757,敬 二舅 
1758,泪目 
1759,敬 二舅 
1760,哈哈哈哈 
1761,敬 二舅 
1762,敬 二舅 
1763,敬 二舅 
1764,蟒蛇 还好 还好 跳 
1765,敬 二舅 
1766,敬 二舅 
1767,敬 二舅 
1768,敬 二舅 
1769,太牛 
1770,敬 二舅 
1771,敬 二舅 
1772,敬 二舅 
1773,好家伙   银麦 
1774,想 笑 很 想 哭 这种 感觉 很 好 很 真 
1775,敬 二舅 
1776,敬 二舅 
1777,敬 二舅 
1778,厉害 
1779,敬 二舅 
1780,敬畏 
1781,真 深刻 
1782,敬 二舅 
1783,致敬 
1784,敬 二舅 
1785,敬 二舅 
1786,敬 二舅 
1787,敬 二舅 
1788,敬 二舅 
1789,敬 二舅 
1790,敬 二舅 
1791,敬 二舅 
1792,接下来 二舅 写 代码 
1793,敬 二舅 
1794,敬 二舅 
1795,敬 二舅 
1796,敬 二舅 
1797,敬 二舅 
1798,每个 村里 都 二舅 
1799,敬 二舅 
1800,敬 二舅 
1801,敬 二舅 
1802,敬 二舅 
1803,敬 二舅 
1804,敬 二舅 
1805,敬 二舅 
1806,敬 二舅 
1807,敬 二舅 
1808,敬 二舅 
1809,敬 二舅 
1810,敬 二舅 
1811,敬 二舅 
1812,敬 二舅 
1813,敬 二舅 
1814,敬 二舅 
1815,敬 二舅 
1816,敬 二舅 
1817,敬 二舅 
1818,敬 二舅 
1819,敬 二舅 
1820,敬 二舅 
1821,敬 二舅 
1822,牛牛 牛 
1823,人牛 逼 歪 
1824,敬 二舅 
1825,敬 天下 所有 同样 人生 人 
1826,敬 二舅 
1827,哈哈哈哈 外婆 
1828,敬 二舅 
1829,敬 二舅 
1830,绝 文采 
1831,敬 二舅 
1832,敬 二舅 
1833,敬 二舅 
1834,敬 二舅 
1835,敬 二舅 
1836,敬 二舅 
1837,拍成电影 
1838,敬 二舅 
1839,敬 二舅 
1840,敬 二舅 
1841,敬 二舅 
1842,敬 二舅 
1843,真的 拍成电影 
1844,敬 二舅 
1845,敬 二舅 
1846,敬 二舅 
1847,敬 二舅 
1848,敬 二舅 
1849,敬 二舅 
1850,人人 都 没 二舅 能力 
1851,敬 二舅 
1852,敬 二舅 
1853,敬 二舅 
1854,敬 二舅 
1855,敬 二舅 
1856,敬 二舅 
1857,致敬 二舅 
1858,敬 二舅 
1859,致敬 二舅 
1860,敬 二舅 
1861,敬 二舅 
1862,敬 二舅 
1863,敬 二舅 
1864,敬 二舅 
1865,敬 二舅 
1866,敬 二舅 
1867,敬 二舅 
1868,同情 小时候 遭遇 羡慕 才能 
1869,敬 二舅 
1870,敬 二舅 
1871,敬 二舅 
1872,敬 二舅 
1873,敬 二舅 
1874,敬 二舅 
1875,敬 二舅 
1876,敬 二舅 
1877,保护 二舅 
1878,敬 二舅 
1879,二舅 
1880,敬 二舅 
1881,保护 二舅 
1882,敬 二舅 
1883,DIY 能力 考虑 UP 主了 
1884,敬 二舅 
1885,有没有 可能 没有 那四针 二舅 都 没有 
1886,再 几个 月 爷爷 学会 渗透 
1887,凡尔赛 
1888,敬 二舅 
1889,敬 二舅 
1890,敬 二舅 
1891,敬 二舅 
1892,敬 二舅 
1893,敬 二舅 
1894,敬 二舅 
1895,敬 二舅 
1896,敬 二舅 
1897,敬 二舅 
1898,敬 二舅 
1899,敬 二舅 
1900,泪目 
1901,敬 二舅 
1902,敬 二舅 
1903,敬 二舅 
1904,敬 二舅 
1905,敬 二舅 
1906,敬 二舅 
1907,敬 二舅 
1908,敬 二舅 
1909,敬 二舅 
1910,敬 二舅 
1911,活着 
1912,敬 二舅 
1913,文笔 真 好 
1914,角度 耳目一新 
1915,敬 二舅 
1916,敬 二舅 
1917,敬 二舅 
1918,敬 二舅 
1919,敬 二舅 
1920,敬 二舅 
1921,敬 二舅 
1922,敬 二舅 
1923,敬 二舅 
1924,敬 二舅 
1925,酷毙了 
1926,敬 二舅 
1927,敬 二舅 
1928,敬 二舅 
1929,敬 二舅 
1930,六边形 战士 
1931,感觉 好 
1932,敬 二舅 
1933,敬 二舅 
1934,敬 二舅 
1935,敬 二舅 
1936,敬 二舅 
1937,敬 二舅 
1938,敬 二舅 
1939,可惜 不说 医生 说不定 能为 祖国 作出 巨大贡献 
1940,敬 二舅 
1941,自我 救赎 
1942,毕 十三 
1943,敬 二舅 
1944,高手 二舅 
1945,敬 二舅 
1946,敬 二舅 
1947,敬 二舅 
1948,敬 二舅 
1949,牛 逼 
1950,敬 二舅 
1951,敬 up 主和 二舅 
1952,敬 二舅 
1953,敬 二舅 
1954,敬 二舅 
1955,敬 二舅 
1956,二舅 你好 
1957,敬 二舅 
1958,敬 二舅 
1959,敬 二舅 
1960,敬 二舅 
1961,敬 二舅 
1962,六边形 战士 
1963,敬 二舅 
1964,敬 二舅 
1965,敬 二舅 
1966,看着 看着 流泪 
1967,以身作则 
1968,敬 二舅 
1969,敬 二舅 
1970,不要 一辈子 都 活 遗憾 里 
1971,敬 二舅 
1972,6 
1973,敬 二舅 
1974,最 简单 拍摄 手法 最牛 逼 人物 故事 最牛 逼 旁边 致敬 二舅 UP 
1975,敬 二舅 
1976,敬 二舅 
1977,敬 二舅 
1978,敬 二舅 
1979,敬 二舅 
1980,敬 二舅 
1981,敬 二舅 
1982,敬 二舅 
1983,敬 二舅 
1984,敬 二舅 
1985,敬 二舅 
1986,敬 二舅 
1987,敬 二舅 
1988,敬 二舅 
1989,0 
1990,敬 二舅 
1991,敬 二舅 
1992,敬 二舅 
1993,人 平凡 不能 自甘 平庸 
1994,敬 二舅 
1995,敬 二舅 
1996,敬 二舅 
1997,敬 二舅 
1998,敬二 jiue 
1999,敬 二舅 
2000,敬 二舅 
2001,敬 二舅 
2002,敬 二舅 
2003,敬 二舅 
2004,敬 二舅 
2005,敬 二舅 
2006,敬 二舅 
2007,敬 二舅 
2008,敬 二舅 
2009,敬 二舅 
2010,敬 二舅 
2011,敬 二舅 
2012,敬 二舅 
2013,敬 二舅 
2014,敬 二舅 
2015,敬 二舅 
2016,敬 二舅 
2017,敬 二舅 
2018,敬 二舅 
2019,敬 二舅 
2020,敬 二舅 
2021,敬 二舅 
2022,敬 二舅 
2023,敬 二舅 
2024,敬 二舅 
2025,敬 二舅 
2026,说 毕 十三 看见 弹幕 希望 能能 联系 
2027,敬 二舅 
2028,敬 二舅 杯酒 
2029,敬 二舅 
2030,敬 二舅 
2031,敬 二舅 
2032,敬 二舅 
2033,光头 表示 很赞 
2034,敬 二舅 
2035,敬 二舅 
2036,妈呀 这块 好想哭 
2037,敬 二舅 
2038,敬 二舅 
2039,敬 二舅 
2040,敬 二舅 
2041,敬 二舅 
2042,村里 只 剩 几百个 老头 老太太 真的 现在 农村 现状 
2043,人民 工人 农民 
2044,敬 二舅 
2045,敬 二舅 
2046,敬 二舅 
2047,敬 二舅 
2048,敬 二舅 
2049,敬 二舅 
2050,敬 二舅 
2051,太牛 我趣 
2052,敬 二舅 
2053,敬 二舅 
2054,二舅 总有 办法 
2055,没有 那次 意外 现在 早已 扬名立万 
2056,敬 二舅 
2057,敬 二舅 
2058,敬 二舅 
2059,敬 二舅 
2060,眼泪 打转 
2061,二舅 都 会 
2062,敬 二舅 
2063,敬 二舅 
2064,敬 二舅 
2065,敬 二舅 
2066,敬 二舅 
2067,牛 牛 
2068,敬 二舅 
2069,敬 二舅 
2070,致敬 二舅 
2071,敬 二舅 
2072,敬 二舅 
2073,敬 二舅 
2074,敬 二舅 
2075,敬 二舅 
2076,鲜血 流 祖国 寸土 不可 丢 
2077,敬 二舅 
2078,敬 二舅 
2079,敬 二舅 
2080,respect 
2081,命运 开了个 玩笑 
2082,敬 二舅 
2083,敬 二舅 人性 光 
2084,敬 二舅 
2085,敬 二舅 
2086,敬 二舅 
2087,敬 二舅 
2088,四刷   敬 二舅 
2089,敬 二舅 
2090,敬 二舅 
2091,敬 二舅 
2092,伟大 二舅 
2093,敬 二舅 
2094,敬 二舅 
2095,敬 二舅 
2096,敬 二舅 
2097,哈哈哈哈 哈哈哈 哈哈哈 想 哭 想 笑 
2098,敬 二舅 
2099,看到 实在 忍不住 说 一句 二舅 牛批 
2100,敬 二舅 
2101,敬 二舅 
2102,敬 二舅 
2103,六边形 战士 二舅 
2104,敬 二舅 
2105,敬 二舅 
2106,敬 二舅 
2107,泪眼 婆娑 
2108,敬 二舅 
2109,二舅 总有 办法 
2110,敬 二舅 
2111,敬 二舅 
2112,敬 二舅 
2113,小孩 小 不是 瞎 
2114,敬 二舅 
2115,哈哈哈 
2116,敬 二舅 
2117,敬 二舅 
2118,敬 二舅 
2119,敬 二舅 
2120,敬 二舅 
2121,敬 二舅 
2122,上校 
2123,敬 二舅 
2124,敬 二舅 平凡 伟大 人 
2125,敬 二舅 
2126,敬 二舅 
2127,致 二舅 
2128,敬 二舅 
2129,敬 二舅 
2130,敬 二舅 
2131,敬 二舅 
2132,敬 二舅 
2133,敬 二舅 
2134,敬 二舅 
2135,敬 二舅 
2136,敬 二舅 
2137,敬 二舅 
2138,敬 二舅 
2139,敬 二舅 
2140,敬 二舅 
2141,敬 二舅 
2142,遗憾 
2143,敬 二舅 
2144,二舅 太牛 敬佩 
2145,敬 二舅 
2146,时 命 … … 
2147,敬 二舅 
2148,敬 二舅 
2149,敬 二舅 
2150,敬 二舅 
2151,敬 二舅 
2152,敬二 
2153,敬 二舅 
2154,致敬 
2155,单身 使人 优秀 
2156,敬 二舅 
2157,敬 二舅 
2158,不 知道 看到 盒子 绷 不住 
2159,敬 二舅 
2160,敬 二舅 
2161,敬 二舅 
2162,敬 二舅 
2163,敬 二舅 
2164,敬 二舅 
2165,敬 二舅 
2166,敬 二舅 
2167,敬 二舅 
2168,二舅 超酷 呜呜 
2169,敬 二舅 
2170,敬 二舅 
2171,敬 二舅 
2172,敬 二舅 
2173,敬 二舅 
2174,敬 二舅 
2175,敬 二舅 
2176,敬 二舅 
2177,敬 二舅 
2178,敬 二舅 
2179,敬 二舅 
2180,敬 二舅 
2181,敬 二舅 
2182,敬 二舅 
2183,敬 二舅 
2184,敬 二舅 
2185,敬 二舅 
2186,敬 二舅 
2187,敬 二舅 
2188,敬 二舅 
2189,真的 哭   会 
2190,敬 二舅 
2191,敬 二舅 
2192,敬 二舅 
2193,敬 二舅 
2194,真的 还 上学 感触 太大 
2195,敬 二舅 
2196,敬 二舅 
2197,生活 何尝 不是 苦中作乐 
2198,敬 二舅 
2199,敬 二舅 
2200,只会 刷 视屏 
2201,敬 二舅 
2202,那种 勃勃生机 万物 竞发 境界 犹在 眼前 
2203,敬 二舅 
2204,敬 二舅 
2205,敬 二舅 
2206,敬 二舅 
2207,快乐 人 是从 不 回头 看 人 
2208,敬 二舅 
2209,看 真的 感觉 很 遗憾 好好 人生 医生 毁 
2210,敬 二舅 
2211,
2212,敬 二舅 
2213,敬 二舅 
2214,二舅 总有 办法 
2215,敬 二舅 
2216,这种 奇才   只不过 生不逢时 
2217,敬 二舅 
2218,敬 二舅 
2219,敬 二舅 
2220,敬 二舅 
2221,敬 二舅 
2222,敬 二舅 
2223,敬 二舅 
2224,敬 二舅 
2225,敬 二舅 
2226,敬 二舅 
2227,敬 二舅 
2228,敬 二舅 
2229,敬 二舅 
2230,敬 二舅 
2231,敬 二舅 
2232,敬 二舅 
2233,敬 二舅 
2234,敬 二舅 
2235,敬 二舅 
2236,敬 二舅 
2237,尊敬 
2238,敬 二舅 
2239,太好了 
2240,敬 二舅 
2241,敬 二舅 
2242,从小 聪明 
2243,敬 二舅 
2244,敬 二舅 
2245,敬 二舅 
2246,敬 二舅 
2247,敬 二舅 
2248,敬 二舅 
2249,敬 二舅 
2250,敬 二舅 
2251,敬 二舅 
2252,敬 二舅 
2253,敬 二舅 
2254,敬 二舅 
2255,无所不能 二舅 
2256,敬 二舅 
2257,敬 二舅 
2258,敬 二舅 
2259,满分 作文 
2260,敬 二舅 
2261,敬 二舅 
2262,敬 二舅 
2263,命运 有时候 偏偏 不 本来 应该 发生 那头 走 
2264,敬 二舅 
2265,致敬 二舅 
2266,年度 最佳 纪录片 二舅 
2267,敬 二舅 
2268,敬 二舅 
2269,敬 二舅 
2270,敬 二舅 
2271,敬 二舅 
2272,敬 二舅 
2273,敬 二舅 
2274,敬 二舅 
2275,敬 二舅 
2276,敬 二舅 
2277,敬 二舅 
2278,敬 二舅 
2279,敬 二舅 
2280,敬 二舅 
2281,敬 二舅 
2282,敬 二舅 
2283,敬 二舅 
2284,敬 二舅 
2285,从不 回头 看 
2286,敬 二舅 
2287,敬 二舅 
2288,敬 二舅 
2289,敬 二舅 
2290,敬 二舅 
2291,敬 二舅 
2292,敬 二舅 
2293,敬 二舅 
2294,曾经 理想 变成 现在 苟且 
2295,敬 二舅 
2296,敬 二舅 
2297,敬 二舅 
2298,敬 二舅 
2299,敬 二舅 
2300,平凡人 中 不 平凡 
2301,敬 二舅 
2302,
2303,敬 二舅 
2304,敬 二舅 
2305,敬 二舅 
2306,敬 二舅 
2307,敬 二舅 
2308,敬 二舅 
2309,年度 最佳 纪录片 二舅 
2310,敬 二舅 
2311,敬 二舅 
2312,当时 二舅 没有 放弃 学业 现在 生活 应该 会 更好 点 二舅 真是太 厉害 
2313,明年 6789 
2314,敬 二舅 
2315,敬 二舅 
2316,天 真的 总有 办法 
2317,天才 永远 天才 
2318,敬 二舅 
2319,敬 二舅 
2320,敬 二舅 
2321,好 厉害 
2322,敬 二舅 
2323,敬 二舅 
2324,敬 二舅 
2325,敬 二舅 
2326,敬 二舅 
2327,敬 二舅 
2328,很 正 
2329,敬 二舅 
2330,敬 二舅 
2331,敬 二舅 
2332,敬 二舅 
2333,奶奶 同款 收音机 
2334,君子 自强不息 
2335,敬 二舅 高手 民间 
2336,敬 二舅 
2337,敬 二舅 
2338,敬 二舅 
2339,敬 二舅 
2340,敬 二舅 
2341,敬 二舅 
2342,敬 二舅 
2343,敬 二舅 
2344,敬 二舅 
2345,这句 说话 真 好 
2346,敬 二舅 
2347,敬 二舅 
2348,敬 二舅 
2349,致 二舅 
2350,敬 二舅 
2351,敬 二舅 
2352,敬 二舅 
2353,敬 二舅 
2354,敬 二舅 
2355,天才 
2356,敬 二舅 一杯 
2357,敬 二舅 
2358,敬 二舅 
2359,平凡人 不 平凡 一生 
2360,敬 二舅 
2361,敬 二舅 
2362,敬 二舅 
2363,敬 二舅 
2364,敬 二舅 
2365,敬 二舅 
2366,敬 二舅 
2367,敬 二舅 
2368,敬 二舅 
2369,敬 二舅 
2370,敬 二舅 
2371,敬 二舅 
2372,敬 二舅 
2373,敬 二舅 
2374,敬 二舅 
2375,敬 二舅 
2376,敬 二舅 
2377,敬 二舅 
2378,敬 二舅 
2379,敬 二舅 
2380,敬 二舅 
2381,敬 二舅 
2382,敬 二舅 
2383,敬 二舅 
2384,敬 二舅 
2385,敬 二舅 
2386,敬 二舅 
2387,敬 二舅 
2388,敬 二舅 
2389,敬 二舅 
2390,看 两遍 
2391,敬 二舅 
2392,笑 笑 哭 
2393,敬 二舅 
2394,敬 二舅 
2395,敬 二舅 
2396,敬 二舅 
2397,敬 二舅 
2398,敬 二舅 
2399,敬 二舅 
2400,敬 二舅 
2401,敬 二舅 
2402,敬 二舅 
2403,敬 二舅 
2404,敬 二舅 
2405,敬 二舅 
2406,敬 二舅 
2407,敬 二舅 
2408,敬 二舅 
2409,平凡 伟大 人生   幽默 支撑 岁月 苦涩 
2410,敬 二舅 
2411,敬 二舅 
2412,敬 二舅 
2413,都 哭 出来 
2414,敬 二舅 
2415,敬 二舅 
2416,敬 二舅 
2417,敬 二舅 
2418,二舅 真酷 
2419,敬 二舅 
2420,敬 二舅 
2421,二舅 总有 办法 
2422,敬 二舅 
2423,敬 二舅 
2424,真惨 
2425,好酷 
2426,二舅 
2427,敬 二舅 
2428,敬 二舅 
2429,敬 二舅 
2430,敬 二舅 
2431,敬 二舅 
2432,敬 二舅 
2433,敬 二舅 
2434,敬 二舅 
2435,敬 二舅 
2436,二舅 递烟 
2437,敬 二舅 
2438,敬 二舅 
2439,敬 二舅 
2440,雷达 图满格 
2441,jingejiu 
2442,敬 二舅 
2443,全才 
2444,二舅 谢谢 俩 奥 
2445,敬 二舅 
2446,敬 二舅 
2447,敬 二舅 
2448,敬 二舅 
2449,敬 二舅 
2450,敬 二舅 
2451,敬 二舅 
2452,敬 二舅 
2453,敬 二舅 
2454,敬 二舅 
2455,敬 二舅 
2456,最酷 老头 呜呜 呜呜 
2457,敬 二舅 
2458,敬 二舅 
2459,这是 对岸 光头 
2460,进 二舅 
2461,
2462,历史 老师 
2463,敬 二舅 
2464,敬 二舅 
2465,敬 二舅 
2466,敬 二舅 
2467,敬 二舅 
2468,敬 二舅 
2469,敬 二舅 
2470,敬 二舅 
2471,敬 二舅 
2472,敬 二舅 
2473,敬 二舅 
2474,敬 二舅 
2475,敬 二舅 
2476,敬 二舅 
2477,敬 二舅 
2478,敬 二舅 
2479,敬 二舅 
2480,敬 二舅 
2481,敬 二舅 
2482,敬 二舅 
2483,没有 那次 意外 现在 早已 扬名立万 
2484,说 二舅 平凡人 比不上 栋梁 
2485,平凡 不 平凡 
2486,这位 歪子 全村 柱子 
2487,敬 二舅 敬 二舅 
2488,敬 二舅 
2489,敬 二舅 
2490,敬 二舅 
2491,二舅 
2492,镜 二舅 
2493,敬 二舅 
2494,敬 二舅 
2495,敬 二舅 
2496,敬 二舅 
2497,敬 二舅 
2498,敬 二舅 
2499,敬 二舅 
2500,敬 二舅 
2501,敬 二舅 
2502,敬 二舅 
2503,敬 二舅 
2504,敬 二舅 
2505,敬 二舅 
2506,家里 真 干净 
2507,敬 二舅 
2508,敬 二舅 
2509,敬 二舅 
2510,太牛 逼 二舅 
2511,敬 二舅 
2512,敬 二舅 
2513,只 看到     贫穷 
2514,敬 二舅 喵 
2515,说实话 感觉 毕 十三 比不上 二舅 
2516,全能 二舅 
2517,敬 二舅 
2518,敬 二舅 
2519,敬 二舅 
2520,敬 二舅 
2521,敬 二舅 
2522,敬 二舅 
2523,敬 二舅 
2524,泪目 
2525,敬 二舅 
2526,致敬 非常 治愈 
2527,敬 二舅 
2528,敬 二舅 
2529,敬 二舅 
2530,敬 二舅 
2531,敬 二舅 
2532,敬 二舅 
2533,敬 二舅 
2534,敬 二舅 
2535,敬 二舅 
2536,敬 二舅 
2537,突然 想到 外公 外婆 真的 哭 
2538,真心 感叹 厉害 
2539,敬 二舅 
2540,敬 二舅 
2541,敬 二舅 
2542,敬 二舅 
2543,二舅 逼成 神婆 没想到 
2544,敬 二舅 
2545,敬 二舅 
2546,几百个 
2547,敬 二舅 
2548,敬 二舅 
2549,敬 二舅 
2550,敬 二舅 
2551,敬 二舅 
2552,敬 二舅 
2553,伟大 战士 
2554,遗憾 沉沦 毒药 
2555,敬 二舅 
2556,从不 回头 看 
2557,敬 二舅 
2558,敬 二舅 
2559,敬 二舅 
2560,敬 二舅 
2561,敬 二舅 
2562,敬 二舅 
2563,敬 二舅 
2564,敬 二舅 
2565,敬 二舅 
2566,敬 二舅 
2567,敬 二舅 
2568,敬 二舅 
2569,敬 二舅 
2570,敬 二舅 
2571,敬 二舅 
2572,敬 二舅 
2573,敬 二舅 
2574,敬 二舅 
2575,敬 二舅 
2576,敬 二舅 
2577,敬 二舅 
2578,转头 一刹那 看到 不是 弯腰驼背 老头 一位 身影 伟岸 高大 战士 
2579,泪目 敬 二舅 
2580,文案 视频 登上 教材 都 不为过 
2581,敬 二舅 
2582,敬 二舅 
2583,敬 二舅 
2584,敬 二舅 
2585,牛 逼 
2586,敬 二舅 
2587,敬 二舅 
2588,敬 二舅 
2589,
2590,二舅 太棒了 不是 命运 捉弄 妥妥 大 才 
2591,敬 二舅 
2592,活着 现实 十分 力量 
2593,敬 二舅 
2594,敬 二舅 
2595,敬 二舅 
2596,敬 二舅 
2597,敬 二舅 
2598,多难 想象 没有 那四针 人生 会 图画 令人 惊艳 
2599,敬 二舅 
2600,敬 二舅 
2601,敬 二舅 
2602,想到 阿甘正传 
2603,敬 二舅 
2604,天 手机 壳 都 
2605,敬 二舅 
2606,敬 二舅 
2607,敬 二舅 
2608,四针 偏差 少 意气风发 二舅 
2609,敬 二舅 
2610,太牛 
2611,敬 二舅 
2612,敬 二舅 
2613,敬 二舅 
2614,敬 二舅 
2615,敬 二舅 
2616,敬 二舅 
2617,致敬 二舅 此类 生活 奔波 人 
2618,敬 二舅 
2619,小孩 小 不是 瞎 
2620,二舅 好 牛 
2621,敬 二舅 
2622,敬 二舅 
2623,敬 二舅 
2624,觐 二舅 
2625,敬 二舅 
2626,敬 二舅 
2627,敬 二舅 
2628,敬 二舅   敬 二舅 
2629,敬 二舅 
2630,敬 二舅 
2631,敬 二舅 
2632,敬 二舅 
2633,敬 二舅 
2634,弹幕 护体 
2635,敬 二舅 
2636,敬 二舅 
2637,敬 二舅 
2638,敬 二舅 
2639,敬 二舅 
2640,敬 二舅 
2641,敬 二舅 
2642,敬 二舅 
2643,敬 二舅 
2644,敬 二舅 
2645,敬 二舅 
2646,敬 二舅 
2647,敬 二舅 
2648,敬 二舅 
2649,致敬 二舅 
2650,太难 
2651,敬 二舅 
2652,敬 二舅 
2653,敬 二舅 
2654,敬 二舅 
2655,敬 二舅 
2656,敬 二舅 
2657,敬 二舅 
2658,喜欢 喝酒 
2659,敬 二舅 
2660,敬 二舅 
2661,三连 
2662,敬 二舅 
2663,字 好好看 
2664,敬 二舅 
2665,敬 二舅 
2666,敬 二舅 
2667,敬 二舅 
2668,敬 二舅 
2669,敬 二舅 
2670,愿意 成为 二舅 
2671,二舅 不 可怜 落魄 乐观 高大 
2672,敬 二舅 
2673,敬 二舅 
2674,敬 二舅 
2675,敬 二舅 
2676,高考 阅读 题 不 
2677,敬 二舅 
2678,敬 二舅 
2679,敬 二舅 
2680,敬 二舅 
2681,真 上校 
2682,敬 二舅 
2683,文案 太棒了 
2684,敬 二舅 
2685,敬 二舅 
2686,敬 二舅 
2687,敬 二舅 
2688,敬 二舅 
2689,敬 二舅 
2690,敬 二舅 
2691,敬 二舅 
2692,jin 敬 二舅 
2693,敬 二舅 
2694,敬 二舅 
2695,敬 二舅 
2696,人生 海海 
2697,敬 二舅 
2698,敬 二舅 
2699,敬 二舅 
2700,没有 走出 这座 山 却成 这座 山 神 
2701,泪目 
2702,敬 二舅 
2703,敬 二舅 
2704,伟大 人才 
2705,最后 一遍 不要 乱打 针 
2706,敬 二舅 
2707,敬 二舅 
2708,每多 二舅 故事 深感 前路 漫漫 不用 人民 负重 前行 社会 会 
2709,敬 二舅 
2710,敬 二舅 
2711,哭 T ﹏ T 
2712,敬 二舅 
2713,红旗 插遍 全国 
2714,敬 二舅 
2715,敬 二舅 
2716,光头 语录 
2717,敬 二舅 
2718,敬 二舅 
2719,敬 二舅 
2720,敬 二舅 
2721,敬 二舅 
2722,敬 二舅 
2723,敬 二舅 
2724,乡村 达芬奇 
2725,敬 二舅 
2726,敬 二舅 
2727,敬 二舅 
2728,弹幕 
2729,文案 绝 二舅 绝 
2730,敬 二舅 
2731,敬 二舅 
2732,酷 哈哈哈 哈哈哈 
2733,敬 二舅 
2734,敬 二舅 
2735,敬 二舅 
2736,敬 二舅 
2737,敬 二舅 
2738,敬 二舅 
2739,敬 二舅 
2740,真好   手里 八种 牌 准备 做 十三 不靠 
2741,敬 二舅 
2742,敬 二舅 
2743,敬 二舅 
2744,敬 二舅 
2745,敬 二舅 
2746,敬 二舅 
2747,致敬 
2748,敬 二舅 
2749,敬 二舅 
2750,敬 二舅 
2751,敬 二舅 
2752,敬 二舅 
2753,敬 二舅 
2754,敬 二舅 
2755,敬 二舅 
2756,敬 二舅 
2757,敬 二舅 
2758,敬 二舅 
2759,敬 二舅 
2760,敬 二舅 
2761,看着 视频   一边 笑 一边 流泪 
2762,敬 二舅 
2763,敬 二舅 
2764,敬 二舅 
2765,致敬 二舅 
2766,敬 二舅 
2767,敬 二舅 
2768,敬 二舅 
2769,才 好好 生活 
2770,敬 二舅 
2771,敬 二舅 
2772,敬 二舅 
2773,敬 二舅 
2774,可惜 没有 
2775,敬 二舅 
2776,敬 二舅 
2777,敬 二舅 
2778,敬 二舅 
2779,敬 二舅 
2780,敬 二舅 
2781,敬 二舅 
2782,敬 二舅 
2783,二舅 从不 落魄   不 可怜 
2784,敬 二舅 
2785,每个 村子 都 树 先生 
2786,敬 二舅 
2787,敬 二舅 
2788,字 写 真 好看 
2789,敬 二舅 
2790,敬 二舅 
2791,困顿 难 行 亦 砥砺 奋进 
2792,敬 二舅 
2793,致敬 二舅 
2794,敬 二舅 
2795,敬 二舅 
2796,敬 二舅 
2797,敬 二舅 
2798,敬 二舅 
2799,敬 二舅 
2800,敬 二舅 
2801,敬 二舅 
2802,敬 二舅 
2803,敬 二舅 
2804,敬 二舅 
2805,敬 二舅 
2806,敬 二舅 
2807,敬 二舅 
2808,敬 二舅 
2809,敬 二舅 
2810,敬 二舅 
2811,敬 二舅 
2812,敬 二舅 
2813,敬 二舅 
2814,敬 二舅 敬 人民 
2815,诶 
2816,
2817,敬 二舅 
2818,敬 二舅 
2819,  牛 逼 
2820,敬 二舅 
2821,敬礼 
2822,敬 二舅 
2823,牛牛 牛 悲 幽默 
2824,二舅 现在 名扬天下 
2825,哈哈哈 哈哈哈 哈哈哈 哈哈哈 
2826,敬 二舅 
2827,敬 二舅 
2828,敬 二舅 
2829,敬 二舅 
2830,敬 二舅 
2831,敬 二舅 
2832,敬 二舅 
2833,刚才 说 二舅 66 岁 1977 年 二舅 18 岁 时间 明显 对不上 
2834,哈哈哈 哈哈哈 哈哈哈 
2835,敬 二舅 
2836,敬 二舅 
2837,敬 二舅 
2838,敬 二舅 
2839,敬 二舅 
2840,二舅 你好 
2841,二舅 真的 好酷 
2842,敬 二舅 
2843,敬 二舅 
2844,敬 二舅 
2845,敬 二舅 
2846,突然 发现 人 活着 向前 看 二 舅舅 
2847,敬 二舅 
2848,致敬 二舅 
2849,敬 二舅 
2850,敬 二舅 
2851,二舅 守护 住 木叶 村 
2852,敬 二舅 
2853,敬 二舅 
2854,敬 二舅 
2855,敬 二舅 
2856,上天 开 一扇门   他关 一扇 窗 
2857,二舅 总有 办法 
2858,敬 二舅 
2859,敬 二舅 
2860,敬 二舅 
2861,敬 二舅 
2862,敬 二舅 
2863,敬 二舅 
2864,一语双关 
2865,二舅 真的 脑子 很 好 
2866,光头 表示 很赞 
2867,敬 二舅 
2868,敬 二舅 
2869,敬 二舅 
2870,敬 二舅 
2871,敬 二舅 
2872,美好 哈哈哈 哈哈哈 
2873,敬 二舅 
2874,此处 应该 中芯 国际 
2875,敬 二舅 
2876,敬 二舅 
2877,哭 
2878,敬 二舅 
2879,敬 二舅 
2880,敬 二舅 
2881,敬 二舅 
2882,敬 二舅 
2883,敬 二舅 
2884,真实 动人心弦 
2885,敬 二舅 
2886,敬 二舅 
2887,敬 二舅 
2888,敬 二舅 
2889,敬 二舅 
2890,敬 二舅 
2891,敬 二舅 
2892,敬 二舅 
2893,千万 文案 
2894,敬 二舅 
2895,敬 二舅 
2896,敬 二舅 
2897,敬 二舅 
2898,敬 二舅 
2899,全能 二舅 
2900,敬 二舅 
2901,敬 二舅 
2902,敬 二舅 
2903,敬 二舅 
2904,敬 二舅 
2905,敬 二舅 
2906,敬 二舅 
2907,敬 二舅 
2908,敬 二舅 
2909,敬 二舅 
2910,敬 二舅 
2911,敬 二舅 
2912,小孩 小 不是 瞎 
2913,敬 二舅 
2914,敬 二舅 
2915,敬 二舅 
2916,敬 二舅 
2917,一段 喜欢 
2918,敬 二舅 
2919,敬 二舅 
2920,敬 二舅 
2921,敬 二舅 
2922,我会 病 老 之前 选择 死去 不用 病老 快乐 离开 
2923,敬 二舅 
2924,敬 二舅 
2925,六边形 工匠 
2926,敬 二舅 
2927,敬 二舅 
2928,敬 二舅 
2929,厉害 
2930,敬 二舅 
2931,敬 二舅 
2932,敬 二舅 敬 二舅 
2933,敬 二舅 
2934,敬 二舅 
2935,敬 二舅 
2936,敬 二舅 
2937,敬 二舅 
2938,敬 二舅 
2939,致敬 二舅 
2940,敬 二舅 
2941,二舅 厉害 
2942,敬 二舅 
2943,敬 二舅 
2944,敬 二舅 
2945,敬 二舅 
2946,敬 二舅 
2947,敬 二舅 
2948,哭 
2949,敬 二舅 
2950,敬 二舅 
2951,敬 二舅 
2952,敬 二舅 
2953,敬 二舅 
2954,可惜 人生 不是 文案 
2955,敬 二舅 
2956,敬 二舅 
2957,敬 二舅 
2958,敬 二舅 
2959,敬 二舅 
2960,活在 过去         将会 错过 未来 
2961,敬 二舅 
2962,敬 二舅 
2963,敬 二舅 
2964,致 二舅 
2965,敬 二舅 
2966,二舅 真的 天才 可惜 
2967,致敬 二舅 
2968,敬 二舅 
2969,敬 二舅 
2970,敬 二舅 
2971,敬 二舅 
2972,敬 二舅 
2973,敬 二舅 
2974,敬 二舅 
2975,敬 二舅 
2976,泪目 
2977,谢谢 二舅 力量 
2978,敬 二舅 
2979,敬 二舅 
2980,敬 二舅 
2981,敬 二舅 
2982,敬 二舅 
2983,敬 二舅 
2984,敬 二舅 
2985,敬 二舅 
2986,敬 二舅 
2987,敬 二舅 
2988,敬 二舅 
2989,敬 二舅 
2990,敬 二舅 
2991,敬 二舅 
2992,敬 二舅 
2993,二舅 二伯 
2994,敬 二舅 
2995,敬 二舅 
2996,敬 二舅 
2997,敬 二舅 
2998,敬 二舅 
2999,敬 二舅 
3000,酷毙了 好 
